guess1cands,guess2cands,guess3cands,guess4cands,guess5cands,guess6cands,result,words_left,num_guesses,answer
2315,48,4,3,2,1,success,1,6,aback
2315,6,2,1,1,1,success,1,4,abase
2315,6,3,2,1,1,success,2,4,abate
2315,61,1,1,1,1,success,1,3,abbey
2315,51,4,1,1,1,success,1,4,abbot
2315,136,15,2,1,1,success,1,5,abhor
2315,31,5,1,1,1,success,1,4,abide
2315,31,1,1,1,1,success,1,3,abled
2315,31,5,1,1,1,success,1,4,abode
2315,51,4,1,1,1,success,4,3,abort
2315,51,4,1,1,1,success,1,4,about
2315,31,5,2,1,1,success,1,5,above
2315,10,2,1,1,1,success,1,4,abuse
2315,14,1,1,1,1,success,1,3,abyss
2315,136,5,1,1,1,success,1,4,acorn
2315,136,4,1,1,1,success,1,4,acrid
2315,51,2,1,1,1,success,1,4,actor
2315,2,1,1,1,1,success,1,3,acute
2315,28,9,7,1,1,success,1,5,adage
2315,19,2,1,1,1,success,1,4,adapt
2315,25,11,1,1,1,success,1,4,adept
2315,136,6,1,1,1,success,1,4,admin
2315,51,2,1,1,1,success,1,4,admit
2315,31,5,1,1,1,success,1,4,adobe
2315,51,1,1,1,1,success,1,3,adopt
2315,31,5,1,1,1,success,5,3,adore
2315,136,5,1,1,1,success,1,4,adorn
2315,17,1,1,1,1,success,1,3,adult
2315,136,1,1,1,1,success,1,3,affix
2315,31,5,1,1,1,success,5,3,afire
2315,51,4,1,1,1,success,1,4,afoot
2315,58,18,1,1,1,success,1,4,afoul
2315,25,1,1,1,1,success,1,3,after
2315,48,4,1,1,1,success,1,4,again
2315,28,9,7,1,1,success,1,5,agape
2315,6,3,2,1,1,success,1,5,agate
2315,25,11,1,1,1,success,1,4,agent
2315,16,5,1,1,1,success,5,3,agile
2315,136,6,2,1,1,success,1,5,aging
2315,58,1,1,1,1,success,1,3,aglow
2315,136,2,1,1,1,success,2,3,agony
2315,136,5,1,1,1,success,1,4,agora
2315,31,5,2,1,1,success,1,5,agree
2315,61,18,2,1,1,success,2,4,ahead
2315,61,4,1,1,1,success,4,3,aider
2315,3,1,1,1,1,success,1,3,aisle
2315,20,10,5,1,1,success,1,5,alarm
2315,13,4,2,1,1,success,2,4,album
2315,5,1,1,1,1,success,1,3,alert
2315,4,3,1,1,1,success,1,4,algae
2315,13,4,1,1,1,success,1,4,alibi
2315,8,1,1,1,1,success,8,2,alien
2315,13,4,1,1,1,success,4,3,align
2315,4,3,1,1,1,success,3,3,alike
2315,4,3,1,1,1,success,1,4,alive
2315,13,1,1,1,1,success,1,3,allay
2315,8,1,1,1,1,success,1,3,alley
2315,7,1,1,1,1,success,1,3,allot
2315,13,2,1,1,1,success,1,4,allow
2315,13,2,1,1,1,success,2,3,alloy
2315,7,1,1,1,1,success,1,3,aloft
2315,4,1,1,1,1,success,4,2,alone
2315,13,4,1,1,1,success,4,3,along
2315,13,4,2,1,1,success,1,5,aloof
2315,13,4,2,1,1,success,2,4,aloud
2315,13,4,2,1,1,success,1,5,alpha
2315,7,1,1,1,1,success,1,3,altar
2315,5,1,1,1,1,success,1,3,alter
2315,13,2,1,1,1,success,1,4,amass
2315,28,9,7,1,1,success,1,5,amaze
2315,61,4,1,1,1,success,1,4,amber
2315,16,1,1,1,1,success,1,3,amble
2315,61,18,1,1,1,success,1,4,amend
2315,14,1,1,1,1,success,1,3,amiss
2315,15,2,1,1,1,success,1,4,amity
2315,136,10,1,1,1,success,1,4,among
2315,16,5,3,2,1,success,2,5,ample
2315,58,2,1,1,1,success,2,3,amply
2315,10,2,1,1,1,success,2,3,amuse
2315,31,1,1,1,1,success,1,3,angel
2315,61,1,1,1,1,success,1,3,anger
2315,16,5,1,1,1,success,1,4,angle
2315,136,1,1,1,1,success,1,3,angry
2315,5,1,1,1,1,success,1,3,angst
2315,31,1,1,1,1,success,1,3,anime
2315,16,5,3,1,1,success,3,4,ankle
2315,61,4,2,1,1,success,1,5,annex
2315,136,2,1,1,1,success,1,4,annoy
2315,58,18,2,1,1,success,2,4,annul
2315,31,1,1,1,1,success,1,3,anode
2315,51,2,1,1,1,success,1,4,antic
2315,58,5,1,1,1,success,1,4,anvil
2315,15,1,1,1,1,success,1,3,aorta
2315,19,3,2,1,1,success,1,5,apart
2315,136,6,1,1,1,success,1,4,aphid
2315,136,6,2,1,1,success,2,4,aping
2315,61,4,2,1,1,success,2,4,apnea
2315,16,5,3,2,1,success,1,6,apple
2315,58,2,1,1,1,success,1,4,apply
2315,136,15,2,1,1,success,2,4,apron
2315,17,2,1,1,1,success,2,3,aptly
2315,136,15,4,2,1,success,1,6,arbor
2315,136,15,4,1,1,success,4,4,ardor
2315,61,18,1,1,1,success,1,4,arena
2315,31,5,2,1,1,success,2,4,argue
2315,10,1,1,1,1,success,1,3,arise
2315,136,15,4,2,1,success,2,5,armor
2315,136,15,1,1,1,success,1,4,aroma
2315,10,1,1,1,1,success,1,3,arose
2315,136,1,1,1,1,success,1,3,array
2315,136,15,4,1,1,success,1,5,arrow
2315,14,1,1,1,1,success,1,3,arson
2315,5,1,1,1,1,success,1,3,artsy
2315,5,1,1,1,1,success,1,3,ascot
2315,3,2,1,1,1,success,2,3,ashen
2315,10,1,1,1,1,success,1,3,aside
2315,3,2,1,1,1,success,1,4,askew
2315,14,1,1,1,1,success,1,3,assay
2315,1,1,1,1,1,success,1,2,asset
2315,17,2,1,1,1,success,1,4,atoll
2315,2,1,1,1,1,success,2,2,atone
2315,51,2,1,1,1,success,1,4,attic
2315,136,6,1,1,1,success,1,4,audio
2315,51,2,1,1,1,success,2,3,audit
2315,136,15,2,1,1,success,2,4,augur
2315,15,2,1,1,1,success,2,3,aunty
2315,11,8,2,1,1,success,1,5,avail
2315,25,11,1,1,1,success,1,4,avert
2315,136,6,2,1,1,success,1,5,avian
2315,136,6,1,1,1,success,6,3,avoid
2315,19,2,1,1,1,success,2,3,await
2315,28,9,1,1,1,success,1,4,awake
2315,48,7,2,1,1,success,1,5,award
2315,28,1,1,1,1,success,1,3,aware
2315,13,3,2,1,1,success,1,5,awash
2315,58,18,2,1,1,success,1,5,awful
2315,31,5,2,1,1,success,2,4,awoke
2315,58,1,1,1,1,success,1,3,axial
2315,136,6,1,1,1,success,1,4,axiom
2315,136,6,2,1,1,success,2,4,axion
2315,31,5,1,1,1,success,1,4,azure
2315,136,17,1,1,1,success,17,3,bacon
2315,31,11,1,1,1,success,1,4,badge
2315,58,5,1,1,1,success,5,3,badly
2315,31,1,1,1,1,success,1,3,bagel
2315,136,18,5,1,1,success,5,4,baggy
2315,61,13,1,1,1,success,13,3,baker
2315,31,1,1,1,1,success,31,2,baler
2315,58,2,1,1,1,success,2,3,balmy
2315,58,10,3,1,1,success,3,4,banal
2315,136,17,1,1,1,success,1,4,banjo
2315,31,11,1,1,1,success,11,3,barge
2315,136,12,1,1,1,success,12,3,baron
2315,6,3,1,1,1,success,1,4,basal
2315,14,3,2,1,1,success,2,4,basic
2315,6,3,1,1,1,success,3,3,basil
2315,14,3,1,1,1,success,3,3,basin
2315,14,3,2,1,1,success,1,5,basis
2315,6,5,1,1,1,success,5,3,baste
2315,51,11,5,1,1,success,5,4,batch
2315,2,1,1,1,1,success,1,3,bathe
2315,51,3,1,1,1,success,1,4,baton
2315,15,4,3,1,1,success,3,4,batty
2315,136,18,4,3,1,success,3,5,bawdy
2315,136,2,1,1,1,success,2,3,bayou
2315,12,1,1,1,1,success,1,3,beach
2315,12,1,1,1,1,success,12,2,beady
2315,12,1,1,1,1,success,1,3,beard
2315,3,1,1,1,1,success,3,2,beast
2315,165,1,1,1,1,success,1,3,beech
2315,165,2,1,1,1,success,1,4,beefy
2315,72,4,1,1,1,success,4,3,befit
2315,61,2,1,1,1,success,2,3,began
2315,25,11,1,1,1,success,1,4,begat
2315,72,6,1,1,1,success,1,4,beget
2315,165,3,1,1,1,success,1,4,begin
2315,165,3,1,1,1,success,1,4,begun
2315,165,3,1,1,1,success,3,3,being
2315,61,3,1,1,1,success,3,3,belch
2315,21,2,1,1,1,success,1,4,belie
2315,21,2,1,1,1,success,1,4,belle
2315,61,14,1,1,1,success,14,3,belly
2315,61,14,1,1,1,success,1,4,below
2315,165,1,1,1,1,success,1,3,bench
2315,72,10,2,1,1,success,2,4,beret
2315,165,2,1,1,1,success,2,3,berry
2315,10,3,1,1,1,success,3,3,berth
2315,15,4,2,1,1,success,2,4,beset
2315,10,4,1,1,1,success,1,4,betel
2315,61,16,2,1,1,success,2,4,bevel
2315,61,16,2,1,1,success,1,5,bezel
2315,21,2,1,1,1,success,2,3,bible
2315,165,3,1,1,1,success,1,4,bicep
2315,221,22,1,1,1,success,1,4,biddy
2315,86,3,1,1,1,success,1,4,bigot
2315,21,2,1,1,1,success,2,3,bilge
2315,87,17,5,1,1,success,5,4,billy
2315,107,7,1,1,1,success,7,3,binge
2315,221,6,1,1,1,success,1,4,bingo
2315,107,4,1,1,1,success,4,3,biome
2315,221,1,1,1,1,success,1,3,birch
2315,37,7,1,1,1,success,7,3,birth
2315,42,1,1,1,1,success,1,3,bison
2315,37,7,5,4,1,success,4,5,bitty
2315,20,5,1,1,1,success,1,4,black
2315,12,3,1,1,1,success,3,3,blade
2315,12,3,2,1,1,success,2,4,blame
2315,20,10,1,1,1,success,10,3,bland
2315,20,5,2,1,1,success,2,4,blank
2315,12,1,1,1,1,success,12,2,blare
2315,1,1,1,1,1,success,1,2,blast
2315,12,3,2,1,1,success,1,5,blaze
2315,8,4,3,1,1,success,3,4,bleak
2315,5,2,1,1,1,success,2,3,bleat
2315,18,3,1,1,1,success,1,4,bleed
2315,18,1,1,1,1,success,1,3,bleep
2315,18,4,1,1,1,success,4,3,blend
2315,2,1,1,1,1,success,1,3,bless
2315,39,18,1,1,1,success,1,4,blimp
2315,39,18,1,1,1,success,1,4,blind
2315,39,18,1,1,1,success,1,4,blink
2315,6,1,1,1,1,success,1,3,bliss
2315,2,1,1,1,1,success,1,3,blitz
2315,7,1,1,1,1,success,7,2,bloat
2315,39,11,2,1,1,success,2,4,block
2315,13,4,1,1,1,success,4,3,bloke
2315,39,11,1,1,1,success,11,3,blond
2315,39,11,1,1,1,success,1,4,blood
2315,39,11,2,1,1,success,1,5,bloom
2315,39,11,1,1,1,success,1,4,blown
2315,18,5,1,1,1,success,5,3,bluer
2315,39,18,4,1,1,success,1,5,bluff
2315,7,1,1,1,1,success,1,3,blunt
2315,39,1,1,1,1,success,1,3,blurb
2315,7,2,1,1,1,success,1,4,blurt
2315,6,1,1,1,1,success,6,2,blush
2315,48,7,1,1,1,success,7,3,board
2315,5,3,1,1,1,success,3,3,boast
2315,221,7,5,1,1,success,5,4,bobby
2315,165,1,1,1,1,success,165,2,boney
2315,221,6,1,1,1,success,6,3,bongo
2315,42,1,1,1,1,success,1,3,bonus
2315,221,7,1,1,1,success,1,4,booby
2315,24,4,2,1,1,success,1,5,boost
2315,37,7,3,2,1,success,2,5,booth
2315,37,2,1,1,1,success,1,4,booty
2315,107,4,1,1,1,success,1,4,booze
2315,221,7,1,1,1,success,7,3,boozy
2315,136,15,1,1,1,success,1,4,borax
2315,107,1,1,1,1,success,1,3,borne
2315,42,2,1,1,1,success,1,4,bosom
2315,42,2,1,1,1,success,2,3,bossy
2315,86,7,1,1,1,success,1,4,botch
2315,221,9,1,1,1,success,9,3,bough
2315,21,1,1,1,1,success,21,2,boule
2315,221,9,1,1,1,success,9,3,bound
2315,61,16,1,1,1,success,16,3,bowel
2315,165,1,1,1,1,success,1,3,boxer
2315,28,2,1,1,1,success,2,3,brace
2315,48,16,1,1,1,success,1,4,braid
2315,48,16,2,1,1,success,2,4,brain
2315,28,9,1,1,1,success,9,3,brake
2315,48,16,1,1,1,success,16,3,brand
2315,13,1,1,1,1,success,1,3,brash
2315,13,3,1,1,1,success,3,3,brass
2315,28,9,1,1,1,success,1,4,brave
2315,48,16,1,1,1,success,1,4,bravo
2315,11,8,3,2,1,success,2,5,brawl
2315,48,16,2,1,1,success,1,5,brawn
2315,61,18,1,1,1,success,18,3,bread
2315,61,18,1,1,1,success,1,4,break
2315,165,3,1,1,1,success,1,4,breed
2315,136,1,1,1,1,success,1,3,briar
2315,107,9,1,1,1,success,1,4,bribe
2315,221,2,1,1,1,success,2,3,brick
2315,107,9,1,1,1,success,9,3,bride
2315,165,3,1,1,1,success,3,3,brief
2315,107,3,1,1,1,success,3,3,brine
2315,221,7,1,1,1,success,1,4,bring
2315,221,7,1,1,1,success,7,3,brink
2315,221,1,1,1,1,success,1,3,briny
2315,42,5,1,1,1,success,5,3,brisk
2315,136,15,2,1,1,success,2,4,broad
2315,87,5,1,1,1,success,5,3,broil
2315,107,8,1,1,1,success,8,3,broke
2315,221,8,1,1,1,success,1,4,brood
2315,221,8,3,1,1,success,3,4,brook
2315,221,8,3,1,1,success,1,5,broom
2315,37,3,1,1,1,success,3,3,broth
2315,221,5,3,1,1,success,3,4,brown
2315,86,3,1,1,1,success,3,3,brunt
2315,42,2,1,1,1,success,1,4,brush
2315,12,1,1,1,1,success,1,3,brute
2315,221,22,2,1,1,success,2,4,buddy
2315,107,13,3,1,1,success,3,4,budge
2315,221,22,1,1,1,success,1,4,buggy
2315,21,1,1,1,1,success,1,3,bugle
2315,87,3,1,1,1,success,3,3,build
2315,14,3,1,1,1,success,3,3,built
2315,21,1,1,1,1,success,1,3,bulge
2315,87,3,1,1,1,success,3,3,bulky
2315,87,4,1,1,1,success,4,3,bully
2315,221,7,1,1,1,success,7,3,bunch
2315,221,4,2,1,1,success,2,4,bunny
2315,87,1,1,1,1,success,1,3,burly
2315,86,3,1,1,1,success,1,4,burnt
2315,24,4,1,1,1,success,1,4,burst
2315,19,8,1,1,1,success,1,4,bused
2315,42,6,1,1,1,success,6,3,bushy
2315,86,6,3,1,1,success,3,4,butch
2315,12,3,2,1,1,success,1,5,butte
2315,221,9,1,1,1,success,1,4,buxom
2315,165,1,1,1,1,success,1,3,buyer
2315,58,3,1,1,1,success,1,4,bylaw
2315,58,10,2,1,1,success,1,5,cabal
2315,136,18,1,1,1,success,1,4,cabby
2315,136,7,1,1,1,success,7,3,cabin
2315,16,1,1,1,1,success,16,2,cable
2315,136,17,2,1,1,success,1,5,cacao
2315,31,2,1,1,1,success,1,4,cache
2315,15,2,1,1,1,success,1,4,cacti
2315,136,18,1,1,1,success,1,4,caddy
2315,25,5,1,1,1,success,5,3,cadet
2315,61,1,1,1,1,success,61,2,cagey
2315,136,1,1,1,1,success,1,3,cairn
2315,31,7,3,1,1,success,3,4,camel
2315,61,2,1,1,1,success,1,4,cameo
2315,58,10,2,1,1,success,2,4,canal
2315,136,18,1,1,1,success,18,3,candy
2315,136,18,1,1,1,success,1,4,canny
2315,31,1,1,1,1,success,31,2,canoe
2315,136,17,1,1,1,success,1,4,canon
2315,61,2,1,1,1,success,2,3,caper
2315,51,1,1,1,1,success,1,3,caput
2315,51,4,1,1,1,success,4,3,carat
2315,136,12,1,1,1,success,1,4,cargo
2315,58,10,1,1,1,success,10,3,carol
2315,136,4,1,1,1,success,4,3,carry
2315,31,2,1,1,1,success,2,3,carve
2315,6,1,1,1,1,success,6,2,caste
2315,51,11,5,4,3,failure,2,6,catch
2315,25,5,1,1,1,success,5,3,cater
2315,15,4,1,1,1,success,4,3,catty
2315,58,1,1,1,1,success,1,3,caulk
2315,10,3,1,1,1,success,3,3,cause
2315,58,2,1,1,1,success,2,3,cavil
2315,6,1,1,1,1,success,1,3,cease
2315,61,4,1,1,1,success,1,4,cedar
2315,61,1,1,1,1,success,1,3,cello
2315,28,1,1,1,1,success,1,3,chafe
2315,48,4,2,1,1,success,1,5,chaff
2315,48,4,1,1,1,success,4,3,chain
2315,48,3,1,1,1,success,3,3,chair
2315,11,8,1,1,1,success,1,4,chalk
2315,48,4,2,1,1,success,2,4,champ
2315,19,1,1,1,1,success,1,3,chant
2315,13,1,1,1,1,success,1,3,chaos
2315,48,3,2,1,1,success,2,4,chard
2315,48,3,2,1,1,success,1,5,charm
2315,19,3,1,1,1,success,3,3,chart
2315,6,1,1,1,1,success,6,2,chase
2315,13,1,1,1,1,success,1,3,chasm
2315,61,4,1,1,1,success,1,4,cheap
2315,25,11,2,1,1,success,2,4,cheat
2315,165,10,1,1,1,success,1,4,check
2315,165,35,1,1,1,success,1,4,cheek
2315,165,35,1,1,1,success,1,4,cheer
2315,19,5,1,1,1,success,1,4,chess
2315,15,1,1,1,1,success,1,3,chest
2315,221,5,1,1,1,success,5,3,chick
2315,107,2,1,1,1,success,2,3,chide
2315,165,35,1,1,1,success,1,4,chief
2315,87,3,1,1,1,success,3,3,child
2315,87,3,2,1,1,success,1,5,chili
2315,87,3,2,1,1,success,2,4,chill
2315,107,2,1,1,1,success,1,4,chime
2315,136,6,1,1,1,success,6,3,china
2315,221,1,1,1,1,success,1,3,chirp
2315,221,1,1,1,1,success,1,3,chock
2315,221,2,1,1,1,success,2,3,choir
2315,107,1,1,1,1,success,1,3,choke
2315,221,2,1,1,1,success,1,4,chord
2315,107,1,1,1,1,success,1,3,chore
2315,27,3,1,1,1,success,3,3,chose
2315,221,5,1,1,1,success,1,4,chuck
2315,221,5,1,1,1,success,1,4,chump
2315,221,1,1,1,1,success,1,3,chunk
2315,221,1,1,1,1,success,1,3,churn
2315,12,3,1,1,1,success,3,3,chute
2315,165,35,1,1,1,success,1,4,cider
2315,136,4,1,1,1,success,4,3,cigar
2315,221,2,1,1,1,success,1,4,cinch
2315,136,4,1,1,1,success,1,4,circa
2315,221,5,2,1,1,success,1,5,civic
2315,87,2,1,1,1,success,1,4,civil
2315,20,5,1,1,1,success,1,4,clack
2315,20,10,5,1,1,success,5,4,claim
2315,20,10,5,1,1,success,1,5,clamp
2315,20,10,1,1,1,success,1,4,clang
2315,20,5,1,1,1,success,5,3,clank
2315,6,1,1,1,1,success,6,2,clash
2315,6,2,1,1,1,success,2,3,clasp
2315,6,2,1,1,1,success,1,4,class
2315,8,2,1,1,1,success,2,3,clean
2315,8,4,1,1,1,success,4,3,clear
2315,5,1,1,1,1,success,5,2,cleat
2315,3,1,1,1,1,success,3,2,cleft
2315,18,1,1,1,1,success,1,3,clerk
2315,39,18,1,1,1,success,1,4,click
2315,39,18,2,1,1,success,1,5,cliff
2315,39,18,2,1,1,success,2,4,climb
2315,39,4,1,1,1,success,4,3,cling
2315,39,18,1,1,1,success,18,3,clink
2315,13,1,1,1,1,success,13,2,cloak
2315,39,11,2,1,1,success,1,5,clock
2315,13,1,1,1,1,success,13,2,clone
2315,1,1,1,1,1,success,1,2,close
2315,2,1,1,1,1,success,2,2,cloth
2315,39,11,2,1,1,success,2,4,cloud
2315,7,2,1,1,1,success,2,3,clout
2315,13,1,1,1,1,success,1,3,clove
2315,39,11,2,1,1,success,2,4,clown
2315,39,18,1,1,1,success,1,4,cluck
2315,18,3,1,1,1,success,3,3,clued
2315,39,18,1,1,1,success,1,4,clump
2315,39,4,1,1,1,success,1,4,clung
2315,48,4,1,1,1,success,1,4,coach
2315,5,1,1,1,1,success,5,2,coast
2315,136,5,1,1,1,success,5,3,cobra
2315,136,10,3,1,1,success,1,5,cocoa
2315,87,2,1,1,1,success,2,3,colon
2315,87,1,1,1,1,success,1,3,color
2315,72,6,1,1,1,success,6,3,comet
2315,221,1,1,1,1,success,1,3,comfy
2315,221,3,1,1,1,success,1,4,comic
2315,136,10,3,1,1,success,3,4,comma
2315,221,3,2,1,1,success,2,4,conch
2315,221,3,2,1,1,success,1,5,condo
2315,221,3,1,1,1,success,3,3,conic
2315,27,1,1,1,1,success,1,3,copse
2315,58,18,1,1,1,success,18,3,coral
2315,165,16,2,1,1,success,1,5,corer
2315,221,1,1,1,1,success,1,3,corny
2315,221,3,1,1,1,success,1,4,couch
2315,221,3,1,1,1,success,3,3,cough
2315,87,1,1,1,1,success,1,3,could
2315,86,2,1,1,1,success,2,3,count
2315,107,1,1,1,1,success,1,3,coupe
2315,86,3,1,1,1,success,3,3,court
2315,165,5,1,1,1,success,5,3,coven
2315,165,16,1,1,1,success,16,3,cover
2315,72,6,1,1,1,success,1,4,covet
2315,165,3,1,1,1,success,3,3,covey
2315,165,16,2,1,1,success,2,4,cower
2315,87,1,1,1,1,success,1,3,coyly
2315,48,3,1,1,1,success,1,4,crack
2315,19,4,1,1,1,success,4,3,craft
2315,48,3,1,1,1,success,1,4,cramp
2315,28,1,1,1,1,success,28,2,crane
2315,48,3,1,1,1,success,3,3,crank
2315,13,1,1,1,1,success,13,2,crash
2315,13,1,1,1,1,success,1,3,crass
2315,6,1,1,1,1,success,6,2,crate
2315,28,2,1,1,1,success,2,3,crave
2315,11,8,3,1,1,success,3,4,crawl
2315,28,2,1,1,1,success,1,4,craze
2315,48,1,1,1,1,success,48,2,crazy
2315,61,4,1,1,1,success,4,3,creak
2315,61,4,1,1,1,success,1,4,cream
2315,165,5,1,1,1,success,5,3,credo
2315,165,35,1,1,1,success,1,4,creed
2315,165,35,2,1,1,success,2,4,creek
2315,165,35,2,1,1,success,1,5,creep
2315,107,4,1,1,1,success,1,4,creme
2315,107,4,2,1,1,success,1,5,crepe
2315,72,3,1,1,1,success,3,3,crept
2315,19,5,2,1,1,success,2,4,cress
2315,15,1,1,1,1,success,15,2,crest
2315,221,4,1,1,1,success,1,4,crick
2315,165,35,1,1,1,success,35,3,cried
2315,165,35,1,1,1,success,1,4,crier
2315,107,4,1,1,1,success,4,3,crime
2315,221,4,1,1,1,success,4,3,crimp
2315,42,5,2,1,1,success,2,4,crisp
2315,136,15,1,1,1,success,15,3,croak
2315,221,4,3,2,1,success,1,6,crock
2315,107,1,1,1,1,success,107,2,crone
2315,221,1,1,1,1,success,221,2,crony
2315,221,4,3,2,1,success,2,5,crook
2315,42,3,1,1,1,success,3,3,cross
2315,221,4,3,1,1,success,3,4,croup
2315,221,4,1,1,1,success,4,3,crowd
2315,221,1,1,1,1,success,1,3,crown
2315,107,4,2,1,1,success,2,4,crude
2315,61,1,1,1,1,success,61,2,cruel
2315,221,4,1,1,1,success,1,4,crumb
2315,221,4,1,1,1,success,1,4,crump
2315,42,2,1,1,1,success,2,3,crush
2315,24,4,1,1,1,success,4,3,crust
2315,86,1,1,1,1,success,1,3,crypt
2315,221,5,2,1,1,success,2,4,cubic
2315,221,2,1,1,1,success,2,3,cumin
2315,221,1,1,1,1,success,1,3,curio
2315,87,1,1,1,1,success,87,2,curly
2315,221,2,1,1,1,success,1,4,curry
2315,27,6,1,1,1,success,6,3,curse
2315,107,1,1,1,1,success,1,3,curve
2315,221,2,1,1,1,success,2,3,curvy
2315,17,1,1,1,1,success,1,3,cutie
2315,165,1,1,1,1,success,1,3,cyber
2315,21,4,1,1,1,success,1,4,cycle
2315,221,1,1,1,1,success,1,3,cynic
2315,136,18,4,3,2,failure,1,6,daddy
2315,58,1,1,1,1,success,1,3,daily
2315,136,2,1,1,1,success,2,3,dairy
2315,14,1,1,1,1,success,14,2,daisy
2315,58,5,1,1,1,success,1,4,dally
2315,31,1,1,1,1,success,1,3,dance
2315,136,18,2,1,1,success,1,5,dandy
2315,51,11,1,1,1,success,1,4,datum
2315,51,6,5,1,1,success,5,4,daunt
2315,4,1,1,1,1,success,4,2,dealt
2315,3,2,1,1,1,success,2,3,death
2315,61,18,1,1,1,success,1,4,debar
2315,72,1,1,1,1,success,1,3,debit
2315,165,1,1,1,1,success,1,3,debug
2315,72,3,1,1,1,success,1,4,debut
2315,31,8,4,1,1,success,1,5,decal
2315,61,1,1,1,1,success,1,3,decay
2315,165,5,1,1,1,success,1,4,decor
2315,165,2,1,1,1,success,2,3,decoy
2315,165,13,2,1,1,success,2,4,decry
2315,165,35,3,1,1,success,1,5,defer
2315,165,7,2,1,1,success,2,4,deign
2315,10,1,1,1,1,success,10,2,deity
2315,31,2,1,1,1,success,2,3,delay
2315,1,1,1,1,1,success,1,2,delta
2315,21,4,2,1,1,success,2,4,delve
2315,165,3,1,1,1,success,1,4,demon
2315,165,10,1,1,1,success,1,4,demur
2315,165,3,1,1,1,success,1,4,denim
2315,27,6,2,1,1,success,2,4,dense
2315,72,3,1,1,1,success,3,3,depot
2315,10,1,1,1,1,success,1,3,depth
2315,165,1,1,1,1,success,1,3,derby
2315,72,1,1,1,1,success,1,3,deter
2315,72,3,1,1,1,success,1,4,detox
2315,107,4,1,1,1,success,1,4,deuce
2315,61,2,1,1,1,success,2,3,devil
2315,48,2,1,1,1,success,2,3,diary
2315,165,1,1,1,1,success,1,3,dicey
2315,86,7,1,1,1,success,1,4,digit
2315,87,17,2,1,1,success,1,5,dilly
2315,87,17,2,1,1,success,2,4,dimly
2315,165,5,2,1,1,success,2,4,diner
2315,221,6,1,1,1,success,1,4,dingo
2315,221,7,2,1,1,success,2,4,dingy
2315,107,4,1,1,1,success,1,4,diode
2315,107,13,3,1,1,success,3,4,dirge
2315,37,7,1,1,1,success,7,3,dirty
2315,42,2,1,1,1,success,1,4,disco
2315,86,5,1,1,1,success,5,3,ditch
2315,37,3,1,1,1,success,1,4,ditto
2315,37,7,1,1,1,success,1,4,ditty
2315,165,35,3,1,1,success,3,4,diver
2315,221,22,1,1,1,success,1,4,dizzy
2315,107,5,2,1,1,success,1,5,dodge
2315,221,7,1,1,1,success,1,4,dodgy
2315,136,10,1,1,1,success,1,4,dogma
2315,221,9,1,1,1,success,1,4,doing
2315,87,17,1,1,1,success,1,4,dolly
2315,221,6,2,1,1,success,2,4,donor
2315,86,1,1,1,1,success,1,3,donut
2315,165,3,2,1,1,success,2,4,dopey
2315,86,3,1,1,1,success,1,4,doubt
2315,221,9,1,1,1,success,1,4,dough
2315,221,7,5,3,1,success,1,6,dowdy
2315,61,16,2,1,1,success,2,4,dowel
2315,221,1,1,1,1,success,1,3,downy
2315,221,4,1,1,1,success,1,4,dowry
2315,165,5,3,1,1,success,1,5,dozen
2315,19,4,1,1,1,success,1,4,draft
2315,48,16,2,1,1,success,2,4,drain
2315,28,9,1,1,1,success,1,4,drake
2315,48,16,1,1,1,success,1,4,drama
2315,48,16,1,1,1,success,1,4,drank
2315,28,9,6,5,1,success,1,6,drape
2315,11,8,3,2,1,success,1,6,drawl
2315,48,16,2,1,1,success,1,5,drawn
2315,61,18,1,1,1,success,1,4,dread
2315,61,18,1,1,1,success,1,4,dream
2315,19,5,2,1,1,success,1,5,dress
2315,165,35,3,2,1,success,1,6,dried
2315,165,35,1,1,1,success,1,4,drier
2315,86,2,1,1,1,success,2,3,drift
2315,87,5,3,2,1,success,2,5,drill
2315,221,7,1,1,1,success,1,4,drink
2315,107,9,1,1,1,success,1,4,drive
2315,86,3,1,1,1,success,3,3,droit
2315,87,5,1,1,1,success,1,4,droll
2315,107,2,1,1,1,success,1,4,drone
2315,87,5,3,1,1,success,1,5,drool
2315,221,8,1,1,1,success,1,4,droop
2315,42,3,2,1,1,success,1,5,dross
2315,107,8,6,2,1,success,1,6,drove
2315,221,5,3,2,1,success,1,6,drown
2315,221,2,1,1,1,success,2,3,druid
2315,221,7,1,1,1,success,1,4,drunk
2315,165,2,1,1,1,success,2,3,dryer
2315,87,2,1,1,1,success,2,3,dryly
2315,221,4,2,1,1,success,1,5,duchy
2315,87,4,3,2,1,success,1,6,dully
2315,221,22,1,1,1,success,1,4,dummy
2315,221,22,1,1,1,success,1,4,dumpy
2315,107,8,4,1,1,success,4,4,dunce
2315,42,6,2,1,1,success,2,4,dusky
2315,5,3,1,1,1,success,3,3,dusty
2315,86,6,3,2,1,success,2,5,dutch
2315,72,1,1,1,1,success,1,3,duvet
2315,48,7,1,1,1,success,1,4,dwarf
2315,61,2,1,1,1,success,1,4,dwell
2315,10,3,1,1,1,success,3,3,dwelt
2315,221,2,1,1,1,success,2,3,dying
2315,61,2,1,1,1,success,1,4,eager
2315,16,3,2,1,1,success,1,5,eagle
2315,31,1,1,1,1,success,1,3,early
2315,2,1,1,1,1,success,2,2,earth
2315,1,1,1,1,1,success,1,2,easel
2315,25,5,1,1,1,success,1,4,eaten
2315,25,5,3,2,1,success,1,6,eater
2315,165,1,1,1,1,success,1,3,ebony
2315,6,1,1,1,1,success,1,3,eclat
2315,72,1,1,1,1,success,1,3,edict
2315,165,13,1,1,1,success,1,4,edify
2315,107,13,2,1,1,success,2,4,eerie
2315,72,10,2,1,1,success,1,5,egret
2315,72,4,2,1,1,success,2,4,eight
2315,72,3,1,1,1,success,1,4,eject
2315,165,7,1,1,1,success,1,4,eking
2315,2,1,1,1,1,success,1,3,elate
2315,18,4,1,1,1,success,1,4,elbow
2315,18,5,3,2,1,success,1,6,elder
2315,3,1,1,1,1,success,1,3,elect
2315,18,4,2,1,1,success,2,4,elegy
2315,18,1,1,1,1,success,1,3,elfin
2315,13,6,1,1,1,success,1,4,elide
2315,2,1,1,1,1,success,1,3,elite
2315,13,4,2,1,1,success,1,5,elope
2315,13,6,1,1,1,success,1,4,elude
2315,8,1,1,1,1,success,1,3,email
2315,165,3,1,1,1,success,1,4,embed
2315,165,3,1,1,1,success,1,4,ember
2315,107,4,1,1,1,success,1,4,emcee
2315,10,1,1,1,1,success,1,3,empty
2315,7,2,1,1,1,success,2,3,enact
2315,165,3,1,1,1,success,1,4,endow
2315,61,18,1,1,1,success,1,4,enema
2315,165,3,1,1,1,success,1,4,enemy
2315,165,2,1,1,1,success,1,4,enjoy
2315,165,3,1,1,1,success,1,4,ennui
2315,27,1,1,1,1,success,1,3,ensue
2315,72,10,3,2,1,success,2,5,enter
2315,72,9,1,1,1,success,1,4,entry
2315,165,2,1,1,1,success,2,3,envoy
2315,165,5,1,1,1,success,1,4,epoch
2315,165,2,1,1,1,success,1,4,epoxy
2315,31,8,2,1,1,success,2,4,equal
2315,165,10,1,1,1,success,1,4,equip
2315,6,2,1,1,1,success,2,3,erase
2315,72,3,1,1,1,success,1,4,erect
2315,107,8,6,2,1,success,1,6,erode
2315,165,5,1,1,1,success,1,4,error
2315,72,3,1,1,1,success,1,4,erupt
2315,3,1,1,1,1,success,3,2,essay
2315,15,1,1,1,1,success,1,3,ester
2315,72,10,1,1,1,success,1,4,ether
2315,72,4,1,1,1,success,1,4,ethic
2315,15,2,1,1,1,success,1,4,ethos
2315,17,1,1,1,1,success,1,3,etude
2315,28,9,7,3,1,success,1,6,evade
2315,72,3,1,1,1,success,1,4,event
2315,165,13,2,1,1,success,1,5,every
2315,72,1,1,1,1,success,1,3,evict
2315,107,4,1,1,1,success,1,4,evoke
2315,7,2,1,1,1,success,1,4,exact
2315,4,1,1,1,1,success,1,3,exalt
2315,61,1,1,1,1,success,1,3,excel
2315,72,9,2,1,1,success,1,5,exert
2315,21,4,1,1,1,success,1,4,exile
2315,15,2,1,1,1,success,1,4,exist
2315,61,16,5,1,1,success,1,5,expel
2315,10,1,1,1,1,success,1,3,extol
2315,25,1,1,1,1,success,1,3,extra
2315,10,3,1,1,1,success,1,4,exult
2315,165,1,1,1,1,success,1,3,eying
2315,16,1,1,1,1,success,1,3,fable
2315,25,5,1,1,1,success,1,4,facet
2315,51,2,1,1,1,success,2,3,faint
2315,136,1,1,1,1,success,136,2,fairy
2315,15,2,1,1,1,success,2,3,faith
2315,3,1,1,1,1,success,3,2,false
2315,136,2,1,1,1,success,2,3,fancy
2315,136,2,1,1,1,success,1,4,fanny
2315,31,1,1,1,1,success,1,3,farce
2315,17,1,1,1,1,success,1,3,fatal
2315,15,4,3,2,1,success,2,5,fatty
2315,17,1,1,1,1,success,17,2,fault
2315,136,1,1,1,1,success,1,3,fauna
2315,136,1,1,1,1,success,1,3,favor
2315,3,2,1,1,1,success,2,3,feast
2315,31,8,4,1,1,success,4,4,fecal
2315,165,7,1,1,1,success,7,3,feign
2315,31,2,1,1,1,success,1,4,fella
2315,61,14,3,1,1,success,3,4,felon
2315,107,13,1,1,1,success,1,4,femme
2315,165,10,3,1,1,success,1,5,femur
2315,107,8,4,3,2,success,2,6,fence
2315,31,3,1,1,1,success,3,3,feral
2315,165,13,1,1,1,success,1,4,ferry
2315,6,3,2,1,1,success,2,4,fetal
2315,72,3,1,1,1,success,3,3,fetch
2315,72,1,1,1,1,success,1,3,fetid
2315,15,2,1,1,1,success,2,3,fetus
2315,165,35,6,3,1,success,3,5,fever
2315,165,35,6,3,1,success,1,6,fewer
2315,165,3,1,1,1,success,3,3,fiber
2315,107,13,3,1,1,success,3,4,fibre
2315,42,3,1,1,1,success,1,4,ficus
2315,61,14,3,1,1,success,3,4,field
2315,165,7,1,1,1,success,1,4,fiend
2315,165,13,1,1,1,success,13,3,fiery
2315,37,7,3,2,1,success,2,5,fifth
2315,37,7,5,4,1,success,1,6,fifty
2315,86,7,1,1,1,success,1,4,fight
2315,61,8,1,1,1,success,8,3,filer
2315,10,1,1,1,1,success,10,2,filet
2315,87,17,5,3,1,success,3,5,filly
2315,87,5,1,1,1,success,1,4,filmy
2315,2,1,1,1,1,success,1,3,filth
2315,58,5,1,1,1,success,5,3,final
2315,221,7,3,2,1,success,2,5,finch
2315,165,5,1,1,1,success,5,3,finer
2315,24,1,1,1,1,success,1,3,first
2315,42,3,1,1,1,success,3,3,fishy
2315,165,35,6,3,1,success,3,5,fixer
2315,221,22,2,1,1,success,2,4,fizzy
2315,221,1,1,1,1,success,1,3,fjord
2315,20,2,1,1,1,success,1,4,flack
2315,20,2,1,1,1,success,1,4,flail
2315,20,2,1,1,1,success,2,3,flair
2315,12,6,4,1,1,success,1,5,flake
2315,20,1,1,1,1,success,20,2,flaky
2315,12,6,4,1,1,success,4,4,flame
2315,20,2,1,1,1,success,2,3,flank
2315,12,2,1,1,1,success,2,3,flare
2315,6,1,1,1,1,success,1,3,flash
2315,6,2,1,1,1,success,2,3,flask
2315,18,4,2,1,1,success,1,5,fleck
2315,3,1,1,1,1,success,1,3,fleet
2315,2,1,1,1,1,success,2,2,flesh
2315,39,18,1,1,1,success,1,4,flick
2315,18,1,1,1,1,success,1,3,flier
2315,39,4,1,1,1,success,1,4,fling
2315,7,1,1,1,1,success,7,2,flint
2315,7,1,1,1,1,success,1,3,flirt
2315,7,2,1,1,1,success,2,3,float
2315,39,11,2,1,1,success,2,4,flock
2315,39,11,2,1,1,success,1,5,flood
2315,39,2,1,1,1,success,1,4,floor
2315,13,4,1,1,1,success,1,4,flora
2315,6,2,1,1,1,success,2,3,floss
2315,39,2,1,1,1,success,2,3,flour
2315,7,1,1,1,1,success,1,3,flout
2315,39,11,2,1,1,success,1,5,flown
2315,39,18,4,1,1,success,1,5,fluff
2315,39,18,1,1,1,success,1,4,fluid
2315,13,6,3,1,1,success,1,5,fluke
2315,13,6,3,1,1,success,1,5,flume
2315,39,4,1,1,1,success,1,4,flung
2315,39,18,2,1,1,success,1,5,flunk
2315,6,2,1,1,1,success,1,4,flush
2315,2,1,1,1,1,success,2,2,flute
2315,18,5,3,1,1,success,3,4,flyer
2315,48,1,1,1,1,success,1,3,foamy
2315,58,18,3,1,1,success,3,4,focal
2315,42,2,1,1,1,success,2,3,focus
2315,221,7,1,1,1,success,7,3,foggy
2315,24,1,1,1,1,success,24,2,foist
2315,87,8,1,1,1,success,1,4,folio
2315,87,17,6,1,1,success,6,4,folly
2315,136,1,1,1,1,success,1,3,foray
2315,107,1,1,1,1,success,1,3,force
2315,107,6,1,1,1,success,6,3,forge
2315,221,11,1,1,1,success,1,4,forgo
2315,12,2,1,1,1,success,2,3,forte
2315,37,7,1,1,1,success,7,3,forth
2315,37,2,1,1,1,success,2,3,forty
2315,221,11,1,1,1,success,1,4,forum
2315,221,9,5,4,1,success,4,5,found
2315,165,1,1,1,1,success,1,3,foyer
2315,11,8,1,1,1,success,8,3,frail
2315,28,9,6,1,1,success,6,4,frame
2315,48,16,2,1,1,success,1,5,frank
2315,48,16,1,1,1,success,1,4,fraud
2315,61,18,2,1,1,success,2,4,freak
2315,165,35,2,1,1,success,2,4,freed
2315,165,35,1,1,1,success,1,4,freer
2315,19,5,1,1,1,success,5,3,fresh
2315,136,1,1,1,1,success,1,3,friar
2315,165,35,3,2,1,success,2,5,fried
2315,87,5,1,1,1,success,5,3,frill
2315,42,5,1,1,1,success,1,4,frisk
2315,37,7,1,1,1,success,1,4,fritz
2315,221,1,1,1,1,success,1,3,frock
2315,221,3,1,1,1,success,3,3,frond
2315,86,1,1,1,1,success,1,3,front
2315,24,1,1,1,1,success,1,3,frost
2315,37,3,1,1,1,success,1,4,froth
2315,221,5,3,2,1,success,2,5,frown
2315,107,8,6,2,1,success,2,5,froze
2315,86,7,1,1,1,success,7,3,fruit
2315,107,13,3,2,1,success,2,5,fudge
2315,107,13,1,1,1,success,1,4,fugue
2315,87,4,3,1,1,success,3,4,fully
2315,221,4,1,1,1,success,4,3,fungi
2315,221,7,2,1,1,success,2,4,funky
2315,221,4,2,1,1,success,1,5,funny
2315,221,11,4,2,1,success,2,5,furor
2315,221,5,2,1,1,success,2,4,furry
2315,42,3,1,1,1,success,3,3,fussy
2315,221,22,2,1,1,success,2,4,fuzzy
2315,31,11,3,1,1,success,1,5,gaffe
2315,58,1,1,1,1,success,58,2,gaily
2315,61,2,1,1,1,success,2,3,gamer
2315,136,17,5,1,1,success,1,5,gamma
2315,51,4,1,1,1,success,1,4,gamut
2315,14,2,1,1,1,success,1,4,gassy
2315,136,18,4,1,1,success,4,4,gaudy
2315,31,11,1,1,1,success,1,4,gauge
2315,51,6,1,1,1,success,6,3,gaunt
2315,31,11,3,1,1,success,3,4,gauze
2315,31,7,3,2,1,success,2,5,gavel
2315,136,18,5,1,1,success,1,5,gawky
2315,61,1,1,1,1,success,1,3,gayer
2315,58,1,1,1,1,success,1,3,gayly
2315,61,2,1,1,1,success,1,4,gazer
2315,165,5,1,1,1,success,1,4,gecko
2315,165,13,2,1,1,success,2,4,geeky
2315,27,6,2,1,1,success,1,5,geese
2315,107,7,1,1,1,success,1,4,genie
2315,107,2,1,1,1,success,2,3,genre
2315,24,1,1,1,1,success,1,3,ghost
2315,87,2,1,1,1,success,2,3,ghoul
2315,19,1,1,1,1,success,1,3,giant
2315,221,22,1,1,1,success,1,4,giddy
2315,42,2,1,1,1,success,2,3,gipsy
2315,87,1,1,1,1,success,1,3,girly
2315,37,7,2,1,1,success,2,4,girth
2315,165,16,3,1,1,success,3,4,given
2315,165,35,6,1,1,success,6,4,giver
2315,12,6,4,2,1,success,2,5,glade
2315,20,10,1,1,1,success,1,4,gland
2315,12,2,1,1,1,success,1,4,glare
2315,6,2,1,1,1,success,1,4,glass
2315,12,6,4,2,1,success,1,6,glaze
2315,8,4,3,2,1,success,1,6,gleam
2315,8,2,1,1,1,success,1,4,glean
2315,13,6,1,1,1,success,6,3,glide
2315,7,1,1,1,1,success,1,3,glint
2315,7,2,1,1,1,success,1,4,gloat
2315,13,4,1,1,1,success,1,4,globe
2315,39,1,1,1,1,success,1,3,gloom
2315,39,1,1,1,1,success,39,2,glory
2315,6,2,1,1,1,success,1,4,gloss
2315,13,4,2,1,1,success,2,4,glove
2315,39,1,1,1,1,success,1,3,glyph
2315,13,3,2,1,1,success,2,4,gnash
2315,107,1,1,1,1,success,1,3,gnome
2315,87,17,1,1,1,success,17,3,godly
2315,221,9,1,1,1,success,1,4,going
2315,61,3,1,1,1,success,3,3,golem
2315,87,17,1,1,1,success,1,4,golly
2315,136,10,1,1,1,success,10,3,gonad
2315,165,1,1,1,1,success,1,3,goner
2315,221,7,4,1,1,success,4,4,goody
2315,165,3,2,1,1,success,1,5,gooey
2315,221,7,4,1,1,success,1,5,goofy
2315,27,8,4,2,1,success,2,5,goose
2315,107,6,1,1,1,success,1,4,gorge
2315,107,5,2,1,1,success,2,4,gouge
2315,221,11,1,1,1,success,11,3,gourd
2315,28,2,1,1,1,success,1,4,grace
2315,28,9,6,5,1,success,5,5,grade
2315,19,1,1,1,1,success,1,3,graft
2315,11,8,1,1,1,success,1,4,grail
2315,48,16,2,1,1,success,2,4,grain
2315,48,16,1,1,1,success,1,4,grand
2315,19,1,1,1,1,success,19,2,grant
2315,28,9,6,5,3,success,3,6,grape
2315,48,16,1,1,1,success,1,4,graph
2315,13,3,1,1,1,success,1,4,grasp
2315,13,3,1,1,1,success,1,4,grass
2315,6,2,1,1,1,success,2,3,grate
2315,28,9,6,5,3,failure,2,6,grave
2315,48,1,1,1,1,success,1,3,gravy
2315,28,9,6,5,3,failure,2,6,graze
2315,25,11,1,1,1,success,11,3,great
2315,165,35,2,1,1,success,1,5,greed
2315,165,16,1,1,1,success,1,4,green
2315,72,1,1,1,1,success,1,3,greet
2315,165,35,1,1,1,success,1,4,grief
2315,87,5,3,1,1,success,3,4,grill
2315,107,9,4,1,1,success,1,5,grime
2315,221,2,1,1,1,success,1,4,grimy
2315,221,7,2,1,1,success,2,4,grind
2315,107,9,4,1,1,success,1,5,gripe
2315,136,15,2,1,1,success,1,5,groan
2315,221,5,1,1,1,success,5,3,groin
2315,221,8,3,1,1,success,1,5,groom
2315,107,8,6,1,1,success,1,5,grope
2315,42,3,2,1,1,success,2,4,gross
2315,221,8,1,1,1,success,1,4,group
2315,86,3,1,1,1,success,3,3,grout
2315,107,8,6,2,1,success,2,5,grove
2315,87,5,3,1,1,success,1,5,growl
2315,221,5,1,1,1,success,1,4,grown
2315,61,1,1,1,1,success,1,3,gruel
2315,221,2,1,1,1,success,1,4,gruff
2315,86,3,1,1,1,success,1,4,grunt
2315,48,7,2,1,1,success,2,4,guard
2315,48,4,1,1,1,success,1,4,guava
2315,19,5,1,1,1,success,1,4,guess
2315,15,2,1,1,1,success,2,3,guest
2315,107,13,1,1,1,success,13,3,guide
2315,87,3,1,1,1,success,1,4,guild
2315,21,2,1,1,1,success,2,3,guile
2315,14,3,2,1,1,success,2,4,guilt
2315,27,1,1,1,1,success,1,3,guise
2315,87,4,2,1,1,success,2,4,gulch
2315,87,4,3,2,1,success,2,5,gully
2315,221,9,1,1,1,success,1,4,gumbo
2315,221,22,1,1,1,success,1,4,gummy
2315,221,22,1,1,1,success,1,4,guppy
2315,5,1,1,1,1,success,1,3,gusto
2315,5,1,1,1,1,success,5,2,gusty
2315,42,3,1,1,1,success,1,4,gypsy
2315,51,2,1,1,1,success,2,3,habit
2315,136,2,1,1,1,success,1,4,hairy
2315,16,4,3,1,1,success,1,5,halve
2315,136,18,2,1,1,success,2,4,handy
2315,136,18,5,3,1,success,3,5,happy
2315,136,3,1,1,1,success,1,4,hardy
2315,61,13,3,1,1,success,1,5,harem
2315,136,3,1,1,1,success,1,4,harpy
2315,136,4,3,2,1,success,1,6,harry
2315,14,2,1,1,1,success,1,4,harsh
2315,6,5,4,3,2,success,2,6,haste
2315,6,3,1,1,1,success,3,3,hasty
2315,51,11,5,4,3,failure,2,6,hatch
2315,25,5,3,2,1,success,2,5,hater
2315,51,6,5,4,1,success,4,5,haunt
2315,2,1,1,1,1,success,2,2,haute
2315,61,13,2,1,1,success,2,4,haven
2315,136,17,1,1,1,success,1,4,havoc
2315,31,7,3,2,1,success,1,6,hazel
2315,12,2,1,1,1,success,1,4,heady
2315,12,1,1,1,1,success,1,3,heard
2315,7,1,1,1,1,success,1,3,heart
2315,3,2,1,1,1,success,1,4,heath
2315,28,9,7,3,1,success,1,6,heave
2315,12,2,1,1,1,success,1,4,heavy
2315,107,13,2,1,1,success,1,5,hedge
2315,10,3,1,1,1,success,1,4,hefty
2315,15,2,1,1,1,success,2,3,heist
2315,61,14,3,1,1,success,1,5,helix
2315,61,14,1,1,1,success,1,4,hello
2315,107,8,4,3,2,failure,1,6,hence
2315,165,3,1,1,1,success,3,3,heron
2315,87,17,5,3,2,failure,1,6,hilly
2315,107,7,1,1,1,success,1,4,hinge
2315,221,9,1,1,1,success,1,4,hippo
2315,221,22,2,1,1,success,1,5,hippy
2315,86,5,2,1,1,success,1,5,hitch
2315,48,7,1,1,1,success,1,4,hoard
2315,221,7,5,1,1,success,1,5,hobby
2315,24,3,2,1,1,success,2,4,hoist
2315,87,17,6,2,1,success,2,5,holly
2315,165,16,8,3,1,success,3,5,homer
2315,165,2,1,1,1,success,1,4,honey
2315,221,6,2,1,1,success,1,5,honor
2315,107,6,1,1,1,success,1,4,horde
2315,221,1,1,1,1,success,1,3,horny
2315,27,8,4,1,1,success,1,5,horse
2315,10,4,1,1,1,success,1,4,hotel
2315,14,1,1,1,1,success,1,3,hotly
2315,221,9,5,4,3,failure,2,6,hound
2315,27,8,2,1,1,success,1,5,house
2315,61,16,3,2,1,success,2,5,hovel
2315,165,16,3,2,1,success,2,5,hover
2315,221,7,5,3,1,success,3,5,howdy
2315,136,10,1,1,1,success,1,4,human
2315,221,4,1,1,1,success,4,3,humid
2315,221,11,4,1,1,success,4,4,humor
2315,221,4,1,1,1,success,1,4,humph
2315,42,3,1,1,1,success,1,4,humus
2315,221,7,3,2,1,success,1,6,hunch
2315,221,7,2,1,1,success,1,5,hunky
2315,221,5,2,1,1,success,1,5,hurry
2315,42,6,1,1,1,success,1,4,husky
2315,42,3,1,1,1,success,1,4,hussy
2315,86,6,3,2,1,success,1,6,hutch
2315,221,1,1,1,1,success,1,3,hydro
2315,61,1,1,1,1,success,1,3,hyena
2315,165,1,1,1,1,success,1,3,hymen
2315,165,2,1,1,1,success,1,4,hyper
2315,87,1,1,1,1,success,1,3,icily
2315,221,1,1,1,1,success,1,3,icing
2315,31,8,2,1,1,success,1,5,ideal
2315,221,9,2,1,1,success,1,5,idiom
2315,86,1,1,1,1,success,1,3,idiot
2315,61,8,1,1,1,success,1,4,idler
2315,87,1,1,1,1,success,1,3,idyll
2315,87,8,1,1,1,success,1,4,igloo
2315,13,1,1,1,1,success,1,3,iliac
2315,28,9,7,1,1,success,7,4,image
2315,107,13,2,1,1,success,1,5,imbue
2315,61,16,5,1,1,success,1,5,impel
2315,87,17,5,1,1,success,1,5,imply
2315,28,1,1,1,1,success,1,3,inane
2315,221,6,1,1,1,success,1,4,inbox
2315,221,1,1,1,1,success,1,3,incur
2315,165,16,3,1,1,success,1,5,index
2315,72,4,2,1,1,success,1,5,inept
2315,72,4,1,1,1,success,1,4,inert
2315,165,16,5,1,1,success,1,5,infer
2315,86,1,1,1,1,success,1,3,ingot
2315,58,1,1,1,1,success,1,3,inlay
2315,10,1,1,1,1,success,1,3,inlet
2315,165,5,1,1,1,success,1,4,inner
2315,86,1,1,1,1,success,1,3,input
2315,72,2,1,1,1,success,1,4,inter
2315,86,1,1,1,1,success,1,3,intro
2315,221,1,1,1,1,success,1,3,ionic
2315,6,2,1,1,1,success,1,4,irate
2315,221,1,1,1,1,success,1,3,irony
2315,1,1,1,1,1,success,1,2,islet
2315,27,1,1,1,1,success,1,3,issue
2315,86,5,1,1,1,success,1,4,itchy
2315,221,2,1,1,1,success,2,3,ivory
2315,51,6,5,4,3,failure,2,6,jaunt
2315,136,18,5,3,2,failure,1,6,jazzy
2315,61,14,1,1,1,success,1,4,jelly
2315,165,13,3,2,1,success,1,6,jerky
2315,10,3,1,1,1,success,1,4,jetty
2315,61,16,1,1,1,success,1,4,jewel
2315,221,22,2,1,1,success,1,5,jiffy
2315,86,1,1,1,1,success,1,3,joint
2315,24,3,2,1,1,success,1,5,joist
2315,165,16,8,3,2,failure,1,6,joker
2315,87,17,6,2,1,success,1,6,jolly
2315,24,4,2,1,1,success,2,4,joust
2315,107,13,3,2,1,success,1,6,judge
2315,107,4,1,1,1,success,4,3,juice
2315,221,4,1,1,1,success,4,3,juicy
2315,221,9,1,1,1,success,1,4,jumbo
2315,221,22,1,1,1,success,1,4,jumpy
2315,15,2,1,1,1,success,1,4,junta
2315,37,2,1,1,1,success,1,4,junto
2315,221,11,4,2,1,success,1,6,juror
2315,136,17,5,1,1,success,1,5,kappa
2315,136,12,3,1,1,success,1,5,karma
2315,136,2,1,1,1,success,1,4,kayak
2315,61,18,1,1,1,success,1,4,kebab
2315,48,4,1,1,1,success,1,4,khaki
2315,221,7,1,1,1,success,1,4,kinky
2315,42,1,1,1,1,success,1,3,kiosk
2315,37,7,5,4,2,failure,1,6,kitty
2315,48,4,3,2,1,success,2,5,knack
2315,28,1,1,1,1,success,1,3,knave
2315,61,18,2,1,1,success,1,5,knead
2315,165,16,1,1,1,success,1,4,kneed
2315,61,16,5,2,1,success,2,5,kneel
2315,10,3,1,1,1,success,1,4,knelt
2315,107,7,1,1,1,success,1,4,knife
2315,221,1,1,1,1,success,1,3,knock
2315,87,1,1,1,1,success,1,3,knoll
2315,221,1,1,1,1,success,1,3,known
2315,11,1,1,1,1,success,1,3,koala
2315,87,5,3,2,1,success,1,6,krill
2315,31,1,1,1,1,success,1,3,label
2315,58,10,2,1,1,success,1,5,labor
2315,31,7,1,1,1,success,1,4,laden
2315,16,3,2,1,1,success,2,4,ladle
2315,31,2,1,1,1,success,2,3,lager
2315,16,1,1,1,1,success,1,3,lance
2315,58,2,1,1,1,success,1,4,lanky
2315,31,7,1,1,1,success,1,4,lapel
2315,3,1,1,1,1,success,1,3,lapse
2315,16,4,1,1,1,success,4,3,large
2315,58,10,1,1,1,success,1,4,larva
2315,6,1,1,1,1,success,1,3,lasso
2315,17,3,1,1,1,success,1,4,latch
2315,6,1,1,1,1,success,6,2,later
2315,2,1,1,1,1,success,1,3,lathe
2315,1,1,1,1,1,success,1,2,latte
2315,58,1,1,1,1,success,1,3,laugh
2315,31,2,1,1,1,success,1,4,layer
2315,8,3,1,1,1,success,1,4,leach
2315,8,2,1,1,1,success,1,4,leafy
2315,8,2,1,1,1,success,2,3,leaky
2315,4,2,1,1,1,success,2,3,leant
2315,4,2,1,1,1,success,1,4,leapt
2315,8,3,1,1,1,success,1,4,learn
2315,1,1,1,1,1,success,1,2,lease
2315,1,1,1,1,1,success,1,2,leash
2315,1,1,1,1,1,success,1,2,least
2315,2,1,1,1,1,success,1,3,leave
2315,21,4,1,1,1,success,1,4,ledge
2315,61,3,1,1,1,success,1,4,leech
2315,61,2,1,1,1,success,1,4,leery
2315,1,1,1,1,1,success,1,2,lefty
2315,31,8,4,2,1,success,1,6,legal
2315,61,14,1,1,1,success,1,4,leggy
2315,61,14,1,1,1,success,1,4,lemon
2315,61,1,1,1,1,success,1,3,lemur
2315,61,8,4,1,1,success,1,5,leper
2315,61,16,5,2,1,success,1,6,level
2315,61,8,4,1,1,success,1,5,lever
2315,61,16,1,1,1,success,1,4,libel
2315,21,4,1,1,1,success,4,3,liege
2315,14,3,2,1,1,success,2,4,light
2315,61,3,2,1,1,success,2,4,liken
2315,58,5,1,1,1,success,1,4,lilac
2315,87,8,1,1,1,success,1,4,limbo
2315,14,3,2,1,1,success,1,5,limit
2315,61,3,2,1,1,success,1,5,linen
2315,61,8,2,1,1,success,2,4,liner
2315,87,8,1,1,1,success,1,4,lingo
2315,87,8,2,1,1,success,2,4,lipid
2315,5,2,1,1,1,success,1,4,lithe
2315,61,8,2,1,1,success,1,5,liver
2315,87,8,2,1,1,success,1,5,livid
2315,20,10,5,1,1,success,1,5,llama
2315,11,1,1,1,1,success,11,2,loamy
2315,1,1,1,1,1,success,1,2,loath
2315,87,5,2,1,1,success,2,4,lobby
2315,58,18,3,2,1,success,1,6,local
2315,3,1,1,1,1,success,1,3,locus
2315,21,1,1,1,1,success,1,3,lodge
2315,2,1,1,1,1,success,2,2,lofty
2315,87,1,1,1,1,success,1,3,logic
2315,87,8,1,1,1,success,8,3,login
2315,87,5,2,1,1,success,1,5,loopy
2315,3,1,1,1,1,success,1,3,loose
2315,87,1,1,1,1,success,1,3,lorry
2315,2,1,1,1,1,success,2,2,loser
2315,3,1,1,1,1,success,3,2,louse
2315,3,1,1,1,1,success,3,2,lousy
2315,61,8,4,1,1,success,4,4,lover
2315,61,8,4,1,1,success,1,5,lower
2315,87,17,6,3,2,failure,1,6,lowly
2315,58,3,1,1,1,success,1,4,loyal
2315,87,4,1,1,1,success,1,4,lucid
2315,87,1,1,1,1,success,1,3,lucky
2315,61,1,1,1,1,success,1,3,lumen
2315,87,3,1,1,1,success,1,4,lumpy
2315,58,18,1,1,1,success,1,4,lunar
2315,87,4,1,1,1,success,4,3,lunch
2315,21,1,1,1,1,success,1,3,lunge
2315,3,1,1,1,1,success,1,3,lupus
2315,87,1,1,1,1,success,1,3,lurch
2315,87,1,1,1,1,success,1,3,lurid
2315,1,1,1,1,1,success,1,2,lusty
2315,87,5,1,1,1,success,5,3,lying
2315,87,5,1,1,1,success,1,4,lymph
2315,87,1,1,1,1,success,1,3,lynch
2315,87,1,1,1,1,success,1,3,lyric
2315,136,17,1,1,1,success,1,4,macaw
2315,136,17,2,1,1,success,2,4,macho
2315,136,1,1,1,1,success,1,3,macro
2315,136,17,5,1,1,success,5,4,madam
2315,58,5,1,1,1,success,1,4,madly
2315,136,1,1,1,1,success,1,3,mafia
2315,136,7,1,1,1,success,1,4,magic
2315,136,17,5,2,1,success,2,5,magma
2315,31,11,4,1,1,success,1,5,maize
2315,136,12,3,1,1,success,3,4,major
2315,61,13,1,1,1,success,1,4,maker
2315,136,17,1,1,1,success,1,4,mambo
2315,136,17,5,2,1,success,1,6,mamma
2315,136,18,5,3,2,success,2,6,mammy
2315,136,17,1,1,1,success,1,4,manga
2315,31,2,1,1,1,success,2,3,mange
2315,136,17,1,1,1,success,1,4,mango
2315,136,18,2,1,1,success,2,4,mangy
2315,136,7,1,1,1,success,1,4,mania
2315,136,7,2,1,1,success,1,5,manic
2315,58,5,2,1,1,success,2,4,manly
2315,136,12,1,1,1,success,1,4,manor
2315,16,3,1,1,1,success,3,3,maple
2315,136,12,3,1,1,success,3,4,march
2315,136,4,3,2,1,success,2,5,marry
2315,14,2,1,1,1,success,2,3,marsh
2315,14,1,1,1,1,success,1,3,mason
2315,10,3,1,1,1,success,1,4,masse
2315,51,11,5,4,1,success,4,5,match
2315,25,1,1,1,1,success,25,2,matey
2315,31,11,4,1,1,success,1,5,mauve
2315,136,7,2,1,1,success,1,5,maxim
2315,31,11,1,1,1,success,1,4,maybe
2315,136,2,1,1,1,success,2,3,mayor
2315,8,1,1,1,1,success,8,2,mealy
2315,7,1,1,1,1,success,1,3,meant
2315,3,1,1,1,1,success,3,2,meaty
2315,61,4,1,1,1,success,1,4,mecca
2315,31,8,4,2,1,success,2,5,medal
2315,61,18,1,1,1,success,1,4,media
2315,165,10,1,1,1,success,1,4,medic
2315,21,4,2,1,1,success,1,5,melee
2315,61,14,3,1,1,success,1,5,melon
2315,165,13,3,1,1,success,3,4,mercy
2315,107,13,3,2,1,success,2,5,merge
2315,72,4,1,1,1,success,4,3,merit
2315,165,13,2,1,1,success,1,5,merry
2315,6,3,2,1,1,success,1,5,metal
2315,72,10,3,1,1,success,3,4,meter
2315,72,9,1,1,1,success,1,4,metro
2315,221,3,2,1,1,success,2,4,micro
2315,107,13,1,1,1,success,1,4,midge
2315,24,1,1,1,1,success,1,3,midst
2315,86,7,3,1,1,success,3,4,might
2315,87,5,1,1,1,success,1,4,milky
2315,221,4,1,1,1,success,1,4,mimic
2315,107,8,1,1,1,success,8,3,mince
2315,165,5,2,1,1,success,1,5,miner
2315,221,4,1,1,1,success,1,4,minim
2315,221,6,1,1,1,success,1,4,minor
2315,37,7,5,1,1,success,5,4,minty
2315,42,1,1,1,1,success,1,3,minus
2315,37,7,2,1,1,success,1,5,mirth
2315,19,8,1,1,1,success,8,3,miser
2315,42,2,1,1,1,success,1,4,missy
2315,136,10,3,1,1,success,1,5,mocha
2315,58,18,2,1,1,success,2,4,modal
2315,61,16,3,1,1,success,3,4,model
2315,165,16,1,1,1,success,1,4,modem
2315,87,2,1,1,1,success,1,4,mogul
2315,24,3,1,1,1,success,3,3,moist
2315,58,18,2,1,1,success,1,5,molar
2315,87,5,1,1,1,success,5,3,moldy
2315,165,2,1,1,1,success,2,3,money
2315,37,7,3,1,1,success,3,4,month
2315,221,7,4,2,1,success,2,5,moody
2315,27,8,1,1,1,success,1,4,moose
2315,58,18,1,1,1,success,1,4,moral
2315,221,6,1,1,1,success,1,4,moron
2315,221,11,1,1,1,success,1,4,morph
2315,42,2,1,1,1,success,1,4,mossy
2315,10,4,1,1,1,success,4,3,motel
2315,86,2,1,1,1,success,2,3,motif
2315,86,7,2,1,1,success,2,4,motor
2315,37,7,1,1,1,success,1,4,motto
2315,14,1,1,1,1,success,1,3,moult
2315,221,9,5,4,3,success,3,6,mound
2315,86,2,1,1,1,success,1,4,mount
2315,221,6,1,1,1,success,6,3,mourn
2315,27,8,1,1,1,success,8,3,mouse
2315,37,1,1,1,1,success,1,3,mouth
2315,165,16,3,1,1,success,3,4,mover
2315,107,5,1,1,1,success,5,3,movie
2315,165,16,8,2,1,success,2,5,mower
2315,221,4,2,1,1,success,2,4,mucky
2315,42,3,1,1,1,success,3,3,mucus
2315,221,22,2,1,1,success,1,5,muddy
2315,87,4,2,1,1,success,1,5,mulch
2315,221,22,2,1,1,success,1,5,mummy
2315,221,7,3,2,1,success,2,5,munch
2315,58,18,2,1,1,success,2,4,mural
2315,221,5,1,1,1,success,5,3,murky
2315,42,6,2,1,1,success,1,5,mushy
2315,42,3,1,1,1,success,3,3,music
2315,42,6,2,1,1,success,1,5,musky
2315,5,3,2,1,1,success,2,4,musty
2315,221,1,1,1,1,success,1,3,myrrh
2315,136,6,1,1,1,success,6,3,nadir
2315,31,1,1,1,1,success,1,3,naive
2315,136,18,2,1,1,success,1,5,nanny
2315,6,3,1,1,1,success,1,4,nasal
2315,6,3,2,1,1,success,2,4,nasty
2315,17,3,1,1,1,success,1,4,natal
2315,58,10,3,1,1,success,1,5,naval
2315,31,7,1,1,1,success,1,4,navel
2315,165,3,1,1,1,success,1,4,needy
2315,165,7,1,1,1,success,1,4,neigh
2315,165,3,1,1,1,success,3,3,nerdy
2315,107,2,1,1,1,success,1,4,nerve
2315,165,16,5,2,1,success,2,5,never
2315,165,16,5,2,1,success,1,6,newer
2315,61,14,1,1,1,success,1,4,newly
2315,165,16,5,1,1,success,5,4,nicer
2315,107,8,1,1,1,success,1,4,niche
2315,107,8,1,1,1,success,1,4,niece
2315,86,2,1,1,1,success,2,3,night
2315,136,6,2,1,1,success,1,5,ninja
2315,221,4,1,1,1,success,1,4,ninny
2315,37,7,3,2,1,success,1,6,ninth
2315,21,1,1,1,1,success,1,3,noble
2315,87,17,6,3,1,success,3,5,nobly
2315,27,1,1,1,1,success,1,3,noise
2315,42,1,1,1,1,success,42,2,noisy
2315,136,10,1,1,1,success,1,4,nomad
2315,27,8,4,2,1,success,1,6,noose
2315,37,7,2,1,1,success,1,5,north
2315,19,1,1,1,1,success,1,3,nosey
2315,86,1,1,1,1,success,1,3,notch
2315,61,16,3,2,1,success,1,6,novel
2315,107,7,1,1,1,success,1,4,nudge
2315,27,6,1,1,1,success,1,4,nurse
2315,37,2,1,1,1,success,1,4,nutty
2315,87,5,1,1,1,success,1,4,nylon
2315,221,1,1,1,1,success,1,3,nymph
2315,61,13,1,1,1,success,1,4,oaken
2315,27,3,1,1,1,success,1,4,obese
2315,221,3,2,1,1,success,1,5,occur
2315,61,4,1,1,1,success,1,4,ocean
2315,17,6,1,1,1,success,1,4,octal
2315,72,6,1,1,1,success,1,4,octet
2315,165,4,1,1,1,success,1,4,odder
2315,87,17,1,1,1,success,1,4,oddly
2315,58,18,1,1,1,success,1,4,offal
2315,165,4,1,1,1,success,1,4,offer
2315,72,6,1,1,1,success,1,4,often
2315,18,3,1,1,1,success,1,4,olden
2315,18,5,3,2,1,success,2,5,older
2315,13,1,1,1,1,success,1,3,olive
2315,107,6,1,1,1,success,1,4,ombre
2315,61,1,1,1,1,success,1,3,omega
2315,221,6,2,1,1,success,1,5,onion
2315,15,4,1,1,1,success,4,3,onset
2315,61,18,1,1,1,success,1,4,opera
2315,107,2,1,1,1,success,2,3,opine
2315,221,9,1,1,1,success,1,4,opium
2315,86,1,1,1,1,success,1,3,optic
2315,86,3,1,1,1,success,1,4,orbit
2315,165,4,1,1,1,success,4,3,order
2315,136,15,1,1,1,success,1,4,organ
2315,72,10,1,1,1,success,1,4,other
2315,72,10,2,1,1,success,1,5,otter
2315,86,3,1,1,1,success,1,4,ought
2315,107,1,1,1,1,success,1,3,ounce
2315,86,7,2,1,1,success,1,5,outdo
2315,72,10,2,1,1,success,2,4,outer
2315,86,7,2,1,1,success,2,4,outgo
2315,48,2,1,1,1,success,1,4,ovary
2315,6,3,1,1,1,success,3,3,ovate
2315,72,9,2,1,1,success,2,4,overt
2315,107,2,1,1,1,success,1,4,ovine
2315,221,2,1,1,1,success,2,3,ovoid
2315,221,9,1,1,1,success,1,4,owing
2315,165,1,1,1,1,success,1,3,owner
2315,107,5,1,1,1,success,1,4,oxide
2315,107,2,1,1,1,success,1,4,ozone
2315,136,18,4,3,2,success,2,6,paddy
2315,136,17,1,1,1,success,1,4,pagan
2315,51,1,1,1,1,success,51,2,paint
2315,31,1,1,1,1,success,1,3,paler
2315,6,1,1,1,1,success,6,2,palsy
2315,31,7,1,1,1,success,7,3,panel
2315,136,7,2,1,1,success,2,4,panic
2315,14,2,1,1,1,success,2,3,pansy
2315,58,10,3,1,1,success,1,5,papal
2315,61,13,5,1,1,success,1,5,paper
2315,61,13,5,1,1,success,5,4,parer
2315,136,12,3,1,1,success,1,5,parka
2315,136,4,3,1,1,success,3,4,parry
2315,10,1,1,1,1,success,1,3,parse
2315,15,1,1,1,1,success,15,2,party
2315,6,1,1,1,1,success,1,3,pasta
2315,6,5,4,1,1,success,4,4,paste
2315,6,1,1,1,1,success,6,2,pasty
2315,51,1,1,1,1,success,1,3,patch
2315,51,1,1,1,1,success,1,3,patio
2315,5,1,1,1,1,success,5,2,patsy
2315,15,1,1,1,1,success,1,3,patty
2315,10,3,1,1,1,success,1,4,pause
2315,31,11,4,1,1,success,1,5,payee
2315,61,1,1,1,1,success,1,3,payer
2315,28,1,1,1,1,success,1,3,peace
2315,12,3,1,1,1,success,3,3,peach
2315,8,3,1,1,1,success,3,3,pearl
2315,61,4,1,1,1,success,4,3,pecan
2315,31,8,1,1,1,success,1,4,pedal
2315,31,8,1,1,1,success,8,3,penal
2315,107,8,4,3,1,success,3,5,pence
2315,107,2,1,1,1,success,1,4,penne
2315,165,1,1,1,1,success,1,3,penny
2315,165,10,3,1,1,success,3,4,perch
2315,61,1,1,1,1,success,1,3,peril
2315,165,13,3,2,1,success,2,5,perky
2315,19,1,1,1,1,success,1,3,pesky
2315,3,1,1,1,1,success,1,3,pesto
2315,6,3,1,1,1,success,3,3,petal
2315,10,3,1,1,1,success,3,3,petty
2315,6,1,1,1,1,success,1,3,phase
2315,107,2,1,1,1,success,2,3,phone
2315,221,1,1,1,1,success,1,3,phony
2315,37,2,1,1,1,success,1,4,photo
2315,48,4,1,1,1,success,4,3,piano
2315,221,4,1,1,1,success,1,4,picky
2315,107,4,1,1,1,success,1,4,piece
2315,10,1,1,1,1,success,1,3,piety
2315,221,22,1,1,1,success,1,4,piggy
2315,14,3,1,1,1,success,3,3,pilot
2315,221,7,3,1,1,success,3,4,pinch
2315,165,1,1,1,1,success,1,3,piney
2315,221,7,1,1,1,success,7,3,pinky
2315,37,2,1,1,1,success,2,3,pinto
2315,165,35,6,3,2,success,2,6,piper
2315,107,13,2,1,1,success,2,4,pique
2315,86,2,1,1,1,success,1,4,pitch
2315,86,2,1,1,1,success,2,3,pithy
2315,86,1,1,1,1,success,1,3,pivot
2315,61,16,5,1,1,success,5,4,pixel
2315,107,13,1,1,1,success,1,4,pixie
2315,136,6,2,1,1,success,2,4,pizza
2315,12,6,1,1,1,success,1,4,place
2315,20,10,1,1,1,success,1,4,plaid
2315,20,10,1,1,1,success,1,4,plain
2315,2,1,1,1,1,success,1,3,plait
2315,12,6,1,1,1,success,6,3,plane
2315,20,5,2,1,1,success,1,5,plank
2315,2,1,1,1,1,success,2,2,plant
2315,2,1,1,1,1,success,2,2,plate
2315,20,10,5,1,1,success,1,5,plaza
2315,8,4,3,2,1,success,2,5,plead
2315,5,2,1,1,1,success,1,4,pleat
2315,18,1,1,1,1,success,1,3,plied
2315,18,1,1,1,1,success,18,2,plier
2315,39,18,1,1,1,success,1,4,pluck
2315,39,18,4,1,1,success,4,4,plumb
2315,13,6,3,1,1,success,3,4,plume
2315,39,18,4,1,1,success,1,5,plump
2315,39,18,2,1,1,success,2,4,plunk
2315,6,2,1,1,1,success,2,3,plush
2315,19,1,1,1,1,success,19,2,poesy
2315,86,1,1,1,1,success,86,2,point
2315,27,1,1,1,1,success,27,2,poise
2315,165,16,8,1,1,success,1,5,poker
2315,58,18,2,1,1,success,2,4,polar
2315,58,18,1,1,1,success,1,4,polka
2315,87,5,1,1,1,success,1,4,polyp
2315,221,1,1,1,1,success,1,3,pooch
2315,221,7,5,3,1,success,1,6,poppy
2315,221,3,1,1,1,success,3,3,porch
2315,19,1,1,1,1,success,1,3,poser
2315,24,1,1,1,1,success,1,3,posit
2315,27,1,1,1,1,success,1,3,posse
2315,221,2,1,1,1,success,2,3,pouch
2315,221,9,5,1,1,success,5,4,pound
2315,37,1,1,1,1,success,37,2,pouty
2315,165,16,8,1,1,success,8,4,power
2315,48,16,2,1,1,success,2,4,prank
2315,48,16,2,1,1,success,1,5,prawn
2315,165,16,1,1,1,success,16,3,preen
2315,19,1,1,1,1,success,1,3,press
2315,107,1,1,1,1,success,1,3,price
2315,221,2,1,1,1,success,1,4,prick
2315,107,9,1,1,1,success,1,4,pride
2315,165,35,3,1,1,success,3,4,pried
2315,107,9,4,1,1,success,4,4,prime
2315,221,2,1,1,1,success,1,4,primo
2315,86,1,1,1,1,success,1,3,print
2315,221,2,1,1,1,success,2,3,prior
2315,42,5,2,1,1,success,1,5,prism
2315,221,2,1,1,1,success,2,3,privy
2315,107,9,4,1,1,success,1,5,prize
2315,107,8,1,1,1,success,1,4,probe
2315,107,2,1,1,1,success,2,3,prone
2315,221,3,2,1,1,success,2,4,prong
2315,221,8,1,1,1,success,1,4,proof
2315,27,1,1,1,1,success,1,3,prose
2315,221,8,1,1,1,success,8,3,proud
2315,107,8,6,1,1,success,6,4,prove
2315,87,5,3,1,1,success,3,4,prowl
2315,221,1,1,1,1,success,1,3,proxy
2315,107,9,1,1,1,success,1,4,prude
2315,107,3,1,1,1,success,1,4,prune
2315,1,1,1,1,1,success,1,2,psalm
2315,221,4,1,1,1,success,1,4,pubic
2315,221,22,1,1,1,success,22,3,pudgy
2315,221,22,2,1,1,success,2,4,puffy
2315,87,3,1,1,1,success,1,4,pulpy
2315,3,1,1,1,1,success,1,3,pulse
2315,221,7,3,1,1,success,3,4,punch
2315,58,18,1,1,1,success,1,4,pupal
2315,87,1,1,1,1,success,1,3,pupil
2315,221,22,2,1,1,success,1,5,puppy
2315,107,13,1,1,1,success,1,4,puree
2315,165,35,6,1,1,success,6,4,purer
2315,107,13,1,1,1,success,13,3,purge
2315,27,1,1,1,1,success,1,3,purse
2315,42,6,2,1,1,success,2,4,pushy
2315,37,1,1,1,1,success,1,3,putty
2315,221,22,1,1,1,success,1,4,pygmy
2315,48,4,3,1,1,success,3,4,quack
2315,11,8,2,1,1,success,2,4,quail
2315,28,9,1,1,1,success,9,3,quake
2315,11,1,1,1,1,success,1,3,qualm
2315,48,7,2,1,1,success,2,4,quark
2315,19,3,2,1,1,success,2,4,quart
2315,13,3,1,1,1,success,3,3,quash
2315,13,2,1,1,1,success,2,3,quasi
2315,165,16,1,1,1,success,1,4,queen
2315,165,35,6,1,1,success,1,5,queer
2315,61,1,1,1,1,success,1,3,quell
2315,165,13,2,1,1,success,2,4,query
2315,15,2,1,1,1,success,1,4,quest
2315,107,13,1,1,1,success,1,4,queue
2315,221,4,1,1,1,success,4,3,quick
2315,72,1,1,1,1,success,1,3,quiet
2315,87,3,1,1,1,success,1,4,quill
2315,14,3,2,1,1,success,1,5,quilt
2315,221,2,1,1,1,success,2,3,quirk
2315,12,2,1,1,1,success,2,3,quite
2315,15,2,1,1,1,success,2,3,quota
2315,12,3,2,1,1,success,2,4,quote
2315,37,2,1,1,1,success,2,3,quoth
2315,136,6,1,1,1,success,1,4,rabbi
2315,136,6,2,1,1,success,1,5,rabid
2315,61,1,1,1,1,success,1,3,racer
2315,136,12,2,1,1,success,1,5,radar
2315,136,6,2,1,1,success,1,5,radii
2315,136,6,2,1,1,success,2,4,radio
2315,136,1,1,1,1,success,1,3,rainy
2315,10,1,1,1,1,success,10,2,raise
2315,136,12,2,1,1,success,2,4,rajah
2315,58,5,2,1,1,success,1,5,rally
2315,58,10,1,1,1,success,1,4,ralph
2315,61,13,3,1,1,success,3,4,ramen
2315,136,12,1,1,1,success,1,4,ranch
2315,136,3,1,1,1,success,3,3,randy
2315,31,2,1,1,1,success,1,4,range
2315,136,6,2,1,1,success,2,4,rapid
2315,61,13,5,1,1,success,1,5,rarer
2315,14,1,1,1,1,success,1,3,raspy
2315,51,1,1,1,1,success,1,3,ratio
2315,15,1,1,1,1,success,1,3,ratty
2315,61,13,3,1,1,success,1,5,raven
2315,136,2,1,1,1,success,1,4,rayon
2315,136,12,3,2,1,success,1,6,razor
2315,12,3,1,1,1,success,1,4,reach
2315,7,1,1,1,1,success,1,3,react
2315,12,2,1,1,1,success,2,3,ready
2315,8,1,1,1,1,success,1,3,realm
2315,12,3,1,1,1,success,1,4,rearm
2315,61,18,2,1,1,success,2,4,rebar
2315,61,3,2,1,1,success,2,4,rebel
2315,19,8,1,1,1,success,1,4,rebus
2315,72,9,2,1,1,success,2,4,rebut
2315,61,4,1,1,1,success,1,4,recap
2315,165,10,3,1,1,success,1,5,recur
2315,72,9,2,1,1,success,1,5,recut
2315,165,13,1,1,1,success,1,4,reedy
2315,165,35,6,3,1,success,1,6,refer
2315,72,4,1,1,1,success,1,4,refit
2315,31,3,2,1,1,success,1,5,regal
2315,61,18,2,1,1,success,1,5,rehab
2315,165,7,2,1,1,success,1,5,reign
2315,31,2,1,1,1,success,1,4,relax
2315,31,2,1,1,1,success,2,3,relay
2315,61,1,1,1,1,success,1,3,relic
2315,72,4,1,1,1,success,1,4,remit
2315,31,3,2,1,1,success,2,4,renal
2315,165,5,1,1,1,success,1,4,renew
2315,61,1,1,1,1,success,1,3,repay
2315,61,3,1,1,1,success,3,3,repel
2315,61,2,1,1,1,success,2,3,reply
2315,165,7,1,1,1,success,1,4,rerun
2315,15,1,1,1,1,success,1,3,reset
2315,19,8,1,1,1,success,1,4,resin
2315,72,9,1,1,1,success,1,4,retch
2315,72,9,1,1,1,success,1,4,retro
2315,72,9,1,1,1,success,9,3,retry
2315,27,6,1,1,1,success,1,4,reuse
2315,61,3,2,1,1,success,1,5,revel
2315,107,13,1,1,1,success,1,4,revue
2315,221,2,1,1,1,success,1,4,rhino
2315,107,13,3,1,1,success,1,5,rhyme
2315,165,35,3,2,1,success,1,6,rider
2315,107,13,1,1,1,success,1,4,ridge
2315,21,4,1,1,1,success,1,4,rifle
2315,86,7,1,1,1,success,1,4,right
2315,221,2,1,1,1,success,1,4,rigid
2315,221,11,2,1,1,success,1,5,rigor
2315,27,1,1,1,1,success,1,3,rinse
2315,165,16,1,1,1,success,1,4,ripen
2315,165,35,6,3,2,failure,1,6,riper
2315,19,8,1,1,1,success,1,4,risen
2315,19,8,2,1,1,success,1,5,riser
2315,42,3,2,1,1,success,2,4,risky
2315,58,5,2,1,1,success,1,5,rival
2315,165,35,6,1,1,success,1,5,river
2315,72,2,1,1,1,success,2,3,rivet
2315,48,1,1,1,1,success,1,3,roach
2315,5,3,2,1,1,success,2,4,roast
2315,221,6,1,1,1,success,1,4,robin
2315,86,3,1,1,1,success,1,4,robot
2315,221,1,1,1,1,success,1,3,rocky
2315,165,16,1,1,1,success,1,4,rodeo
2315,165,16,8,3,2,success,2,6,roger
2315,107,6,1,1,1,success,1,4,rogue
2315,221,2,1,1,1,success,1,4,roomy
2315,24,4,1,1,1,success,1,4,roost
2315,86,7,2,1,1,success,1,5,rotor
2315,107,6,1,1,1,success,1,4,rouge
2315,221,11,1,1,1,success,1,4,rough
2315,221,2,1,1,1,success,2,3,round
2315,27,8,2,1,1,success,2,4,rouse
2315,12,2,1,1,1,success,1,4,route
2315,165,16,3,2,1,success,1,6,rover
2315,221,4,1,1,1,success,1,4,rowdy
2315,165,16,8,2,1,success,1,6,rower
2315,58,3,1,1,1,success,3,3,royal
2315,221,5,2,1,1,success,1,5,ruddy
2315,165,35,3,1,1,success,3,4,ruder
2315,221,5,2,1,1,success,2,4,rugby
2315,61,1,1,1,1,success,1,3,ruler
2315,136,15,2,1,1,success,1,5,rumba
2315,221,11,4,1,1,success,1,5,rumor
2315,107,13,1,1,1,success,1,4,rupee
2315,58,18,2,1,1,success,1,5,rural
2315,5,3,2,1,1,success,1,5,rusty
2315,8,1,1,1,1,success,8,2,sadly
2315,10,1,1,1,1,success,1,3,safer
2315,7,1,1,1,1,success,7,2,saint
2315,8,1,1,1,1,success,1,3,salad
2315,8,1,1,1,1,success,1,3,sally
2315,8,3,1,1,1,success,3,3,salon
2315,8,3,1,1,1,success,1,4,salsa
2315,1,1,1,1,1,success,1,2,salty
2315,1,1,1,1,1,success,1,2,salve
2315,8,3,1,1,1,success,1,4,salvo
2315,17,5,1,1,1,success,5,3,sandy
2315,10,1,1,1,1,success,10,2,saner
2315,17,5,4,2,1,success,2,5,sappy
2315,17,5,4,2,1,success,1,6,sassy
2315,7,1,1,1,1,success,1,3,satin
2315,7,1,1,1,1,success,1,3,satyr
2315,1,1,1,1,1,success,1,2,sauce
2315,17,1,1,1,1,success,17,2,saucy
2315,17,1,1,1,1,success,1,3,sauna
2315,1,1,1,1,1,success,1,2,saute
2315,17,1,1,1,1,success,1,3,savor
2315,17,5,4,1,1,success,4,4,savoy
2315,17,5,4,1,1,success,1,5,savvy
2315,8,2,1,1,1,success,2,3,scald
2315,2,1,1,1,1,success,1,3,scale
2315,8,2,1,1,1,success,1,4,scalp
2315,8,1,1,1,1,success,8,2,scaly
2315,23,7,3,2,1,success,1,6,scamp
2315,14,1,1,1,1,success,14,2,scant
2315,13,3,2,1,1,success,1,5,scare
2315,23,11,3,1,1,success,1,5,scarf
2315,23,4,2,1,1,success,2,4,scary
2315,32,2,1,1,1,success,1,4,scene
2315,11,1,1,1,1,success,1,3,scent
2315,56,2,1,1,1,success,2,3,scion
2315,56,10,2,1,1,success,1,5,scoff
2315,17,4,1,1,1,success,4,3,scold
2315,32,2,1,1,1,success,2,3,scone
2315,56,10,2,1,1,success,2,4,scoop
2315,32,11,1,1,1,success,1,4,scope
2315,32,11,2,1,1,success,1,5,score
2315,56,8,1,1,1,success,1,4,scorn
2315,56,10,1,1,1,success,10,3,scour
2315,39,6,2,1,1,success,1,5,scout
2315,17,4,2,1,1,success,2,4,scowl
2315,17,2,1,1,1,success,1,4,scram
2315,17,2,1,1,1,success,2,3,scrap
2315,32,11,3,2,1,success,1,6,scree
2315,28,3,2,1,1,success,1,5,screw
2315,56,10,2,1,1,success,1,5,scrub
2315,56,10,2,1,1,success,2,4,scrum
2315,17,1,1,1,1,success,1,3,scuba
2315,10,2,1,1,1,success,2,3,sedan
2315,28,4,1,1,1,success,4,3,seedy
2315,32,11,1,1,1,success,1,4,segue
2315,32,4,1,1,1,success,1,4,seize
2315,28,9,3,1,1,success,3,4,semen
2315,32,2,1,1,1,success,1,4,sense
2315,10,2,1,1,1,success,2,3,sepia
2315,28,3,1,1,1,success,3,3,serif
2315,28,3,1,1,1,success,1,4,serum
2315,32,11,3,2,1,success,2,5,serve
2315,11,1,1,1,1,success,1,3,setup
2315,28,9,3,1,1,success,1,5,seven
2315,28,7,6,4,2,success,2,6,sever
2315,28,7,6,4,2,failure,1,6,sewer
2315,23,11,2,1,1,success,1,5,shack
2315,13,5,1,1,1,success,5,3,shade
2315,23,4,1,1,1,success,4,3,shady
2315,14,3,1,1,1,success,1,4,shaft
2315,13,5,4,3,1,success,3,5,shake
2315,23,4,1,1,1,success,1,4,shaky
2315,2,1,1,1,1,success,2,2,shale
2315,8,2,1,1,1,success,2,3,shall
2315,3,1,1,1,1,success,3,2,shalt
2315,13,5,4,1,1,success,4,4,shame
2315,23,11,1,1,1,success,11,3,shank
2315,13,5,4,3,2,success,2,6,shape
2315,23,11,1,1,1,success,1,4,shard
2315,13,1,1,1,1,success,13,2,share
2315,23,11,2,1,1,success,2,4,shark
2315,23,7,3,1,1,success,3,4,sharp
2315,13,5,4,3,2,failure,1,6,shave
2315,8,3,1,1,1,success,1,4,shawl
2315,10,4,1,1,1,success,4,3,shear
2315,28,9,2,1,1,success,2,4,sheen
2315,28,9,2,1,1,success,1,5,sheep
2315,28,7,6,4,1,success,4,5,sheer
2315,11,2,1,1,1,success,2,3,sheet
2315,28,4,2,1,1,success,2,4,sheik
2315,6,1,1,1,1,success,1,3,shelf
2315,6,3,1,1,1,success,3,3,shell
2315,28,9,1,1,1,success,9,3,shied
2315,39,6,1,1,1,success,1,4,shift
2315,32,1,1,1,1,success,32,2,shine
2315,56,1,1,1,1,success,56,2,shiny
2315,32,1,1,1,1,success,1,3,shire
2315,56,1,1,1,1,success,1,3,shirk
2315,39,6,1,1,1,success,6,3,shirt
2315,8,2,1,1,1,success,1,4,shoal
2315,56,6,1,1,1,success,6,3,shock
2315,32,1,1,1,1,success,1,3,shone
2315,56,6,1,1,1,success,1,4,shook
2315,39,6,2,1,1,success,1,5,shoot
2315,32,2,1,1,1,success,2,3,shore
2315,56,2,1,1,1,success,2,3,shorn
2315,39,6,1,1,1,success,6,3,short
2315,39,6,2,1,1,success,2,4,shout
2315,32,2,1,1,1,success,1,4,shove
2315,56,2,1,1,1,success,1,4,shown
2315,56,1,1,1,1,success,1,3,showy
2315,28,3,2,1,1,success,2,4,shrew
2315,56,6,3,1,1,success,1,5,shrub
2315,56,6,3,1,1,success,3,4,shrug
2315,56,6,1,1,1,success,1,4,shuck
2315,39,1,1,1,1,success,1,3,shunt
2315,56,6,3,1,1,success,1,5,shush
2315,17,2,1,1,1,success,1,4,shyly
2315,32,2,1,1,1,success,2,3,siege
2315,32,2,1,1,1,success,1,4,sieve
2315,39,6,1,1,1,success,1,4,sight
2315,17,2,1,1,1,success,1,4,sigma
2315,17,1,1,1,1,success,1,3,silky
2315,17,2,1,1,1,success,2,3,silly
2315,32,2,1,1,1,success,2,3,since
2315,28,9,1,1,1,success,1,4,sinew
2315,32,2,1,1,1,success,1,4,singe
2315,28,3,1,1,1,success,3,3,siren
2315,56,1,1,1,1,success,1,3,sissy
2315,6,2,1,1,1,success,1,4,sixth
2315,6,1,1,1,1,success,1,3,sixty
2315,2,1,1,1,1,success,2,2,skate
2315,28,7,1,1,1,success,7,3,skier
2315,56,3,1,1,1,success,1,4,skiff
2315,17,4,3,2,1,success,1,6,skill
2315,56,3,1,1,1,success,1,4,skimp
2315,39,6,1,1,1,success,1,4,skirt
2315,17,2,1,1,1,success,1,4,skulk
2315,17,2,1,1,1,success,2,3,skull
2315,56,4,3,1,1,success,1,5,skunk
2315,4,2,1,1,1,success,2,3,slack
2315,4,1,1,1,1,success,4,2,slain
2315,4,1,1,1,1,success,1,3,slang
2315,1,1,1,1,1,success,1,2,slant
2315,4,2,1,1,1,success,1,4,slash
2315,success,2315,1,slate
2315,1,1,1,1,1,success,1,2,slave
2315,2,1,1,1,1,success,2,2,sleek
2315,2,1,1,1,1,success,1,3,sleep
2315,2,1,1,1,1,success,1,3,sleet
2315,2,1,1,1,1,success,2,2,slept
2315,4,1,1,1,1,success,4,2,slice
2315,12,3,1,1,1,success,1,4,slick
2315,4,2,1,1,1,success,2,3,slide
2315,4,2,1,1,1,success,1,4,slime
2315,12,1,1,1,1,success,12,2,slimy
2315,12,3,1,1,1,success,1,4,sling
2315,12,3,1,1,1,success,3,3,slink
2315,12,6,2,1,1,success,1,5,sloop
2315,4,1,1,1,1,success,1,3,slope
2315,12,6,2,1,1,success,2,4,slosh
2315,1,1,1,1,1,success,1,2,sloth
2315,12,1,1,1,1,success,1,3,slump
2315,12,6,1,1,1,success,1,4,slung
2315,12,6,1,1,1,success,6,3,slunk
2315,12,6,2,1,1,success,2,4,slurp
2315,12,6,2,1,1,success,1,5,slush
2315,12,1,1,1,1,success,1,3,slyly
2315,23,11,1,1,1,success,1,4,smack
2315,8,2,1,1,1,success,1,4,small
2315,14,3,1,1,1,success,3,3,smart
2315,23,11,2,1,1,success,1,5,smash
2315,10,4,3,2,1,success,1,6,smear
2315,6,3,2,1,1,success,1,5,smell
2315,3,1,1,1,1,success,1,3,smelt
2315,2,1,1,1,1,success,2,2,smile
2315,56,3,1,1,1,success,3,3,smirk
2315,4,2,1,1,1,success,1,4,smite
2315,6,2,1,1,1,success,2,3,smith
2315,56,10,1,1,1,success,1,4,smock
2315,32,11,1,1,1,success,1,4,smoke
2315,56,3,1,1,1,success,1,4,smoky
2315,4,1,1,1,1,success,1,3,smote
2315,23,11,1,1,1,success,1,4,snack
2315,8,3,1,1,1,success,3,3,snail
2315,13,4,3,1,1,success,1,5,snake
2315,23,4,2,1,1,success,1,5,snaky
2315,13,3,1,1,1,success,3,3,snare
2315,8,3,1,1,1,success,1,4,snarl
2315,10,2,1,1,1,success,1,4,sneak
2315,28,7,6,4,1,success,1,6,sneer
2315,32,2,1,1,1,success,2,3,snide
2315,56,2,1,1,1,success,1,4,sniff
2315,32,2,1,1,1,success,1,4,snipe
2315,56,8,1,1,1,success,1,4,snoop
2315,32,2,1,1,1,success,2,3,snore
2315,39,2,1,1,1,success,2,3,snort
2315,39,2,1,1,1,success,1,4,snout
2315,56,1,1,1,1,success,1,3,snowy
2315,56,8,2,1,1,success,2,4,snuck
2315,56,8,2,1,1,success,1,5,snuff
2315,23,1,1,1,1,success,23,2,soapy
2315,28,1,1,1,1,success,28,2,sober
2315,56,3,1,1,1,success,1,4,soggy
2315,8,2,1,1,1,success,2,3,solar
2315,17,4,1,1,1,success,4,3,solid
2315,2,1,1,1,1,success,1,3,solve
2315,17,2,1,1,1,success,2,3,sonar
2315,56,1,1,1,1,success,1,3,sonic
2315,6,1,1,1,1,success,1,3,sooth
2315,6,1,1,1,1,success,6,2,sooty
2315,56,3,1,1,1,success,3,3,sorry
2315,56,4,1,1,1,success,4,3,sound
2315,6,1,1,1,1,success,1,3,south
2315,28,1,1,1,1,success,1,3,sower
2315,13,4,3,1,1,success,3,4,space
2315,13,4,3,1,1,success,1,5,spade
2315,23,7,1,1,1,success,7,3,spank
2315,13,3,2,1,1,success,2,4,spare
2315,23,7,1,1,1,success,1,4,spark
2315,23,7,1,1,1,success,1,4,spasm
2315,23,7,1,1,1,success,1,4,spawn
2315,10,2,1,1,1,success,1,4,speak
2315,10,4,3,1,1,success,3,4,spear
2315,28,4,2,1,1,success,1,5,speck
2315,28,9,1,1,1,success,1,4,speed
2315,6,1,1,1,1,success,1,3,spell
2315,3,1,1,1,1,success,3,2,spelt
2315,28,4,1,1,1,success,1,4,spend
2315,11,1,1,1,1,success,11,2,spent
2315,28,3,1,1,1,success,1,4,sperm
2315,32,4,2,1,1,success,2,4,spice
2315,56,2,1,1,1,success,2,3,spicy
2315,28,9,1,1,1,success,1,4,spied
2315,6,1,1,1,1,success,6,2,spiel
2315,32,4,2,1,1,success,1,5,spike
2315,56,2,1,1,1,success,1,4,spiky
2315,17,4,3,1,1,success,3,4,spill
2315,5,1,1,1,1,success,5,2,spilt
2315,32,2,1,1,1,success,2,3,spine
2315,56,1,1,1,1,success,1,3,spiny
2315,32,4,1,1,1,success,4,3,spire
2315,4,2,1,1,1,success,2,3,spite
2315,1,1,1,1,1,success,1,2,splat
2315,5,1,1,1,1,success,1,3,split
2315,17,4,1,1,1,success,1,4,spoil
2315,32,11,1,1,1,success,1,4,spoke
2315,56,10,3,1,1,success,1,5,spoof
2315,56,10,3,1,1,success,3,4,spook
2315,17,4,2,1,1,success,1,5,spool
2315,56,8,1,1,1,success,1,4,spoon
2315,32,11,1,1,1,success,11,3,spore
2315,39,6,1,1,1,success,1,4,sport
2315,39,6,2,1,1,success,2,4,spout
2315,17,1,1,1,1,success,1,3,spray
2315,32,11,1,1,1,success,1,4,spree
2315,56,2,1,1,1,success,2,3,sprig
2315,56,4,3,1,1,success,3,4,spunk
2315,56,8,1,1,1,success,1,4,spurn
2315,39,6,1,1,1,success,1,4,spurt
2315,17,1,1,1,1,success,1,3,squad
2315,7,1,1,1,1,success,1,3,squat
2315,56,2,1,1,1,success,1,4,squib
2315,14,1,1,1,1,success,1,3,stack
2315,14,6,3,2,1,success,1,6,staff
2315,4,3,1,1,1,success,3,3,stage
2315,14,6,1,1,1,success,1,4,staid
2315,14,1,1,1,1,success,1,3,stain
2315,14,6,1,1,1,success,6,3,stair
2315,4,3,2,1,1,success,2,4,stake
2315,1,1,1,1,1,success,1,2,stale
2315,3,2,1,1,1,success,2,3,stalk
2315,3,2,1,1,1,success,1,4,stall
2315,14,6,3,2,1,success,2,5,stamp
2315,14,2,1,1,1,success,2,3,stand
2315,14,2,1,1,1,success,1,4,stank
2315,4,1,1,1,1,success,4,2,stare
2315,14,6,1,1,1,success,1,4,stark
2315,14,3,1,1,1,success,1,4,start
2315,14,6,3,1,1,success,3,4,stash
2315,2,1,1,1,1,success,1,3,state
2315,4,3,2,1,1,success,1,5,stave
2315,4,3,1,1,1,success,3,3,stead
2315,4,3,2,1,1,success,2,4,steak
2315,1,1,1,1,1,success,1,2,steal
2315,4,3,2,1,1,success,1,5,steam
2315,11,2,1,1,1,success,1,4,steed
2315,3,1,1,1,1,success,1,3,steel
2315,11,1,1,1,1,success,1,3,steep
2315,11,2,1,1,1,success,2,3,steer
2315,11,2,1,1,1,success,2,3,stein
2315,11,2,1,1,1,success,1,4,stern
2315,39,7,1,1,1,success,7,3,stick
2315,39,7,1,1,1,success,1,4,stiff
2315,5,1,1,1,1,success,1,3,still
2315,5,1,1,1,1,success,1,3,stilt
2315,39,6,2,1,1,success,2,4,sting
2315,39,6,1,1,1,success,6,3,stink
2315,39,6,2,1,1,success,1,5,stint
2315,39,8,1,1,1,success,1,4,stock
2315,39,8,5,1,1,success,5,4,stoic
2315,4,3,2,1,1,success,2,4,stoke
2315,2,1,1,1,1,success,2,2,stole
2315,39,8,5,4,1,success,4,5,stomp
2315,4,1,1,1,1,success,4,2,stone
2315,39,1,1,1,1,success,39,2,stony
2315,39,8,5,4,2,success,2,6,stood
2315,5,1,1,1,1,success,1,3,stool
2315,39,8,5,4,1,success,1,6,stoop
2315,4,3,1,1,1,success,3,3,store
2315,39,8,1,1,1,success,8,3,stork
2315,39,8,1,1,1,success,1,4,storm
2315,39,1,1,1,1,success,1,3,story
2315,39,8,5,4,2,failure,1,6,stout
2315,4,3,2,1,1,success,1,5,stove
2315,7,3,2,1,1,success,2,4,strap
2315,7,3,2,1,1,success,1,5,straw
2315,7,3,1,1,1,success,3,3,stray
2315,39,7,1,1,1,success,1,4,strip
2315,39,7,3,1,1,success,1,5,strut
2315,39,7,1,1,1,success,1,4,stuck
2315,39,1,1,1,1,success,1,3,study
2315,39,7,3,1,1,success,1,5,stuff
2315,39,7,3,1,1,success,3,4,stump
2315,39,6,2,1,1,success,2,4,stung
2315,39,6,1,1,1,success,1,4,stunk
2315,39,6,2,1,1,success,1,5,stunt
2315,2,1,1,1,1,success,1,3,style
2315,13,4,1,1,1,success,4,3,suave
2315,17,1,1,1,1,success,1,3,sugar
2315,56,2,1,1,1,success,2,3,suing
2315,4,1,1,1,1,success,4,2,suite
2315,17,1,1,1,1,success,1,3,sulky
2315,17,1,1,1,1,success,1,3,sully
2315,17,1,1,1,1,success,1,3,sumac
2315,56,1,1,1,1,success,1,3,sunny
2315,28,7,6,1,1,success,6,4,super
2315,28,7,6,1,1,success,1,5,surer
2315,32,11,3,1,1,success,3,4,surge
2315,17,1,1,1,1,success,17,2,surly
2315,56,1,1,1,1,success,1,3,sushi
2315,23,11,3,1,1,success,1,5,swami
2315,23,7,3,2,1,success,2,5,swamp
2315,23,11,3,1,1,success,3,4,swarm
2315,23,11,2,1,1,success,2,4,swash
2315,1,1,1,1,1,success,1,2,swath
2315,10,4,3,2,1,success,2,5,swear
2315,4,1,1,1,1,success,4,2,sweat
2315,28,9,3,1,1,success,1,5,sweep
2315,11,2,1,1,1,success,1,4,sweet
2315,6,3,2,1,1,success,2,4,swell
2315,11,1,1,1,1,success,1,3,swept
2315,39,6,1,1,1,success,1,4,swift
2315,17,4,3,2,1,success,2,5,swill
2315,32,2,1,1,1,success,1,4,swine
2315,56,2,1,1,1,success,1,4,swing
2315,17,1,1,1,1,success,1,3,swirl
2315,56,1,1,1,1,success,1,3,swish
2315,56,8,1,1,1,success,1,4,swoon
2315,56,10,3,1,1,success,1,5,swoop
2315,56,10,1,1,1,success,1,4,sword
2315,32,11,2,1,1,success,2,4,swore
2315,56,8,1,1,1,success,8,3,sworn
2315,56,4,3,1,1,success,1,5,swung
2315,56,1,1,1,1,success,1,3,synod
2315,56,1,1,1,1,success,1,3,syrup
2315,51,11,3,2,1,success,2,5,tabby
2315,2,1,1,1,1,success,2,2,table
2315,51,11,1,1,1,success,1,4,taboo
2315,51,2,1,1,1,success,1,4,tacit
2315,51,11,3,1,1,success,3,4,tacky
2315,51,11,3,2,1,success,1,6,taffy
2315,51,2,1,1,1,success,1,4,taint
2315,25,5,3,1,1,success,1,5,taken
2315,25,5,3,1,1,success,1,5,taker
2315,17,1,1,1,1,success,1,3,tally
2315,17,3,1,1,1,success,3,3,talon
2315,25,1,1,1,1,success,1,3,tamer
2315,51,3,1,1,1,success,1,4,tango
2315,51,3,1,1,1,success,3,3,tangy
2315,25,5,3,1,1,success,3,4,taper
2315,51,1,1,1,1,success,1,3,tapir
2315,51,11,1,1,1,success,11,3,tardy
2315,51,4,1,1,1,success,1,4,tarot
2315,6,5,4,3,2,failure,1,6,taste
2315,6,3,2,1,1,success,1,5,tasty
2315,15,4,3,2,1,success,1,6,tatty
2315,51,6,5,4,3,failure,2,6,taunt
2315,51,1,1,1,1,success,1,3,tawny
2315,7,1,1,1,1,success,1,3,teach
2315,7,1,1,1,1,success,7,2,teary
2315,1,1,1,1,1,success,1,2,tease
2315,72,1,1,1,1,success,1,3,teddy
2315,10,3,2,1,1,success,1,5,teeth
2315,72,2,1,1,1,success,2,3,tempo
2315,72,4,1,1,1,success,1,4,tenet
2315,72,1,1,1,1,success,1,3,tenor
2315,4,2,1,1,1,success,1,4,tense
2315,10,3,2,1,1,success,2,4,tenth
2315,17,3,1,1,1,success,1,4,tepee
2315,72,1,1,1,1,success,1,3,tepid
2315,25,11,1,1,1,success,1,4,terra
2315,4,2,1,1,1,success,2,3,terse
2315,3,1,1,1,1,success,1,3,testy
2315,19,1,1,1,1,success,1,3,thank
2315,72,2,1,1,1,success,1,4,theft
2315,72,1,1,1,1,success,1,3,their
2315,17,3,1,1,1,success,1,4,theme
2315,17,2,1,1,1,success,1,4,there
2315,4,1,1,1,1,success,1,3,these
2315,2,1,1,1,1,success,1,3,theta
2315,86,4,1,1,1,success,1,4,thick
2315,72,1,1,1,1,success,1,3,thief
2315,86,4,1,1,1,success,1,4,thigh
2315,86,3,1,1,1,success,1,4,thing
2315,86,3,1,1,1,success,3,3,think
2315,86,4,1,1,1,success,1,4,third
2315,86,1,1,1,1,success,1,3,thong
2315,86,1,1,1,1,success,1,3,thorn
2315,4,1,1,1,1,success,4,2,those
2315,17,2,1,1,1,success,2,3,three
2315,72,3,1,1,1,success,1,4,threw
2315,86,7,2,1,1,success,1,5,throb
2315,86,7,2,1,1,success,2,4,throw
2315,86,6,1,1,1,success,1,4,thrum
2315,86,6,1,1,1,success,1,4,thumb
2315,86,2,1,1,1,success,1,4,thump
2315,17,3,1,1,1,success,3,3,thyme
2315,19,1,1,1,1,success,1,3,tiara
2315,51,2,1,1,1,success,2,3,tibia
2315,17,6,1,1,1,success,1,4,tidal
2315,72,2,1,1,1,success,2,3,tiger
2315,86,7,3,2,1,success,1,6,tight
2315,5,2,1,1,1,success,2,3,tilde
2315,72,2,1,1,1,success,1,4,timer
2315,86,5,1,1,1,success,1,4,timid
2315,24,1,1,1,1,success,1,3,tipsy
2315,51,2,1,1,1,success,2,3,titan
2315,17,1,1,1,1,success,1,3,tithe
2315,5,1,1,1,1,success,1,3,title
2315,5,3,2,1,1,success,1,5,toast
2315,51,2,1,1,1,success,2,3,today
2315,86,7,1,1,1,success,1,4,toddy
2315,72,4,1,1,1,success,4,3,token
2315,17,6,2,1,1,success,2,4,tonal
2315,51,1,1,1,1,success,1,3,tonga
2315,86,2,1,1,1,success,2,3,tonic
2315,37,7,3,2,1,success,1,6,tooth
2315,51,1,1,1,1,success,1,3,topaz
2315,86,1,1,1,1,success,1,3,topic
2315,86,7,1,1,1,success,1,4,torch
2315,24,1,1,1,1,success,1,3,torso
2315,24,1,1,1,1,success,1,3,torus
2315,17,6,2,1,1,success,1,5,total
2315,72,4,1,1,1,success,1,4,totem
2315,86,7,1,1,1,success,7,3,touch
2315,86,7,1,1,1,success,1,4,tough
2315,10,4,1,1,1,success,1,4,towel
2315,72,3,1,1,1,success,3,3,tower
2315,86,2,1,1,1,success,1,4,toxic
2315,86,2,1,1,1,success,1,4,toxin
2315,2,1,1,1,1,success,2,2,trace
2315,19,2,1,1,1,success,2,3,track
2315,19,4,1,1,1,success,1,4,tract
2315,2,1,1,1,1,success,1,3,trade
2315,2,1,1,1,1,success,2,2,trail
2315,19,1,1,1,1,success,1,3,train
2315,19,4,1,1,1,success,1,4,trait
2315,19,2,1,1,1,success,1,4,tramp
2315,5,1,1,1,1,success,1,3,trash
2315,2,1,1,1,1,success,1,3,trawl
2315,25,11,1,1,1,success,1,4,tread
2315,25,11,1,1,1,success,1,4,treat
2315,72,1,1,1,1,success,1,3,trend
2315,51,1,1,1,1,success,1,3,triad
2315,17,6,1,1,1,success,6,3,trial
2315,17,2,1,1,1,success,1,4,tribe
2315,17,1,1,1,1,success,17,2,trice
2315,86,4,1,1,1,success,4,3,trick
2315,72,1,1,1,1,success,72,2,tried
2315,17,2,1,1,1,success,2,3,tripe
2315,12,1,1,1,1,success,1,3,trite
2315,14,1,1,1,1,success,1,3,troll
2315,86,1,1,1,1,success,1,3,troop
2315,17,2,1,1,1,success,2,3,trope
2315,86,3,1,1,1,success,1,4,trout
2315,17,2,1,1,1,success,1,4,trove
2315,17,1,1,1,1,success,1,3,truce
2315,86,6,1,1,1,success,6,3,truck
2315,72,1,1,1,1,success,1,3,truer
2315,14,1,1,1,1,success,14,2,truly
2315,86,2,1,1,1,success,2,3,trump
2315,86,1,1,1,1,success,1,3,trunk
2315,24,1,1,1,1,success,1,3,truss
2315,24,4,1,1,1,success,1,4,trust
2315,37,1,1,1,1,success,1,3,truth
2315,24,4,1,1,1,success,1,4,tryst
2315,17,1,1,1,1,success,1,3,tubal
2315,72,3,1,1,1,success,1,4,tuber
2315,14,1,1,1,1,success,1,3,tulip
2315,5,1,1,1,1,success,1,3,tulle
2315,86,7,1,1,1,success,7,3,tumor
2315,86,1,1,1,1,success,1,3,tunic
2315,86,7,1,1,1,success,1,4,turbo
2315,86,7,1,1,1,success,1,4,tutor
2315,19,1,1,1,1,success,1,3,twang
2315,25,11,1,1,1,success,1,4,tweak
2315,72,1,1,1,1,success,1,3,tweed
2315,72,4,1,1,1,success,1,4,tweet
2315,17,1,1,1,1,success,1,3,twice
2315,17,1,1,1,1,success,1,3,twine
2315,14,1,1,1,1,success,1,3,twirl
2315,24,2,1,1,1,success,1,4,twist
2315,86,2,1,1,1,success,1,4,twixt
2315,86,3,1,1,1,success,1,4,tying
2315,165,35,3,1,1,success,1,5,udder
2315,18,5,1,1,1,success,1,4,ulcer
2315,7,1,1,1,1,success,1,3,ultra
2315,136,5,1,1,1,success,1,4,umbra
2315,21,2,1,1,1,success,1,4,uncle
2315,86,1,1,1,1,success,1,3,uncut
2315,165,16,5,1,1,success,1,5,under
2315,221,4,2,1,1,success,2,4,undid
2315,107,7,1,1,1,success,1,4,undue
2315,165,16,3,1,1,success,1,5,unfed
2315,86,2,1,1,1,success,1,4,unfit
2315,221,7,1,1,1,success,1,4,unify
2315,221,6,2,1,1,success,2,4,union
2315,12,2,1,1,1,success,1,4,unite
2315,37,2,1,1,1,success,2,3,unity
2315,14,2,1,1,1,success,2,3,unlit
2315,72,6,1,1,1,success,1,4,unmet
2315,15,4,1,1,1,success,1,4,unset
2315,17,1,1,1,1,success,1,3,untie
2315,14,2,1,1,1,success,1,4,until
2315,165,16,3,1,1,success,3,4,unwed
2315,221,4,2,1,1,success,1,5,unzip
2315,165,35,6,1,1,success,1,5,upper
2315,15,4,2,1,1,success,1,5,upset
2315,136,15,1,1,1,success,1,4,urban
2315,107,3,1,1,1,success,1,4,urine
2315,6,1,1,1,1,success,1,3,usage
2315,19,8,1,1,1,success,1,4,usher
2315,42,1,1,1,1,success,1,3,using
2315,6,1,1,1,1,success,1,3,usual
2315,42,3,1,1,1,success,1,4,usurp
2315,5,1,1,1,1,success,5,2,utile
2315,72,10,3,2,1,success,1,6,utter
2315,31,11,3,1,1,success,1,5,vague
2315,6,1,1,1,1,success,1,3,valet
2315,58,2,1,1,1,success,1,4,valid
2315,58,10,2,1,1,success,2,4,valor
2315,16,4,3,1,1,success,3,4,value
2315,16,4,3,1,1,success,1,5,valve
2315,136,7,2,1,1,success,2,4,vapid
2315,136,12,3,2,1,success,2,5,vapor
2315,17,1,1,1,1,success,1,3,vault
2315,51,6,5,4,3,success,3,6,vaunt
2315,61,2,1,1,1,success,1,4,vegan
2315,165,1,1,1,1,success,1,3,venom
2315,107,7,1,1,1,success,1,4,venue
2315,107,13,3,2,1,success,1,6,verge
2315,27,6,1,1,1,success,1,4,verse
2315,19,1,1,1,1,success,1,3,verso
2315,107,13,2,1,1,success,1,5,verve
2315,136,4,1,1,1,success,1,4,vicar
2315,165,4,1,1,1,success,1,4,video
2315,87,8,1,1,1,success,1,4,vigil
2315,221,11,2,1,1,success,2,4,vigor
2315,58,2,1,1,1,success,1,4,villa
2315,87,5,1,1,1,success,1,4,vinyl
2315,58,2,1,1,1,success,2,3,viola
2315,165,35,6,1,1,success,1,5,viper
2315,58,5,2,1,1,success,2,4,viral
2315,42,3,1,1,1,success,1,4,virus
2315,24,1,1,1,1,success,1,3,visit
2315,42,2,1,1,1,success,2,3,visor
2315,6,1,1,1,1,success,1,3,vista
2315,17,6,1,1,1,success,1,4,vital
2315,221,4,1,1,1,success,1,4,vivid
2315,165,16,3,1,1,success,1,5,vixen
2315,58,18,3,2,1,success,2,5,vocal
2315,136,10,1,1,1,success,1,4,vodka
2315,107,5,1,1,1,success,1,4,vogue
2315,107,1,1,1,1,success,1,3,voice
2315,58,1,1,1,1,success,1,3,voila
2315,86,1,1,1,1,success,1,3,vomit
2315,72,10,1,1,1,success,10,3,voter
2315,221,2,1,1,1,success,1,4,vouch
2315,61,16,2,1,1,success,1,5,vowel
2315,221,2,1,1,1,success,1,4,vying
2315,136,18,1,1,1,success,1,4,wacky
2315,61,13,5,2,1,success,1,6,wafer
2315,61,2,1,1,1,success,2,3,wager
2315,136,17,1,1,1,success,1,4,wagon
2315,5,1,1,1,1,success,1,3,waist
2315,31,11,4,1,1,success,4,4,waive
2315,1,1,1,1,1,success,1,2,waltz
2315,15,1,1,1,1,success,1,3,warty
2315,6,5,4,3,1,success,3,5,waste
2315,51,11,5,4,3,success,3,6,watch
2315,25,5,3,1,1,success,3,4,water
2315,61,13,5,2,1,success,2,5,waver
2315,61,13,2,1,1,success,1,5,waxen
2315,12,2,1,1,1,success,2,3,weary
2315,28,9,7,3,1,success,3,5,weave
2315,107,13,2,1,1,success,2,4,wedge
2315,165,13,2,1,1,success,1,5,weedy
2315,165,10,1,1,1,success,1,4,weigh
2315,165,10,1,1,1,success,10,3,weird
2315,61,3,1,1,1,success,1,4,welch
2315,2,1,1,1,1,success,1,3,welsh
2315,165,3,1,1,1,success,3,3,wench
2315,48,4,1,1,1,success,4,3,whack
2315,2,1,1,1,1,success,2,2,whale
2315,48,7,2,1,1,success,1,5,wharf
2315,25,11,2,1,1,success,1,5,wheat
2315,61,16,1,1,1,success,1,4,wheel
2315,61,14,3,1,1,success,1,5,whelp
2315,107,13,3,1,1,success,1,5,where
2315,221,4,1,1,1,success,1,4,which
2315,221,4,1,1,1,success,1,4,whiff
2315,21,4,1,1,1,success,4,3,while
2315,107,2,1,1,1,success,2,3,whine
2315,221,4,1,1,1,success,4,3,whiny
2315,87,5,1,1,1,success,1,4,whirl
2315,42,5,1,1,1,success,1,4,whisk
2315,12,1,1,1,1,success,1,3,white
2315,21,1,1,1,1,success,1,3,whole
2315,221,2,1,1,1,success,1,4,whoop
2315,27,3,1,1,1,success,1,4,whose
2315,165,16,3,1,1,success,1,5,widen
2315,165,35,3,2,1,success,2,5,wider
2315,221,9,2,1,1,success,2,4,widow
2315,37,7,3,1,1,success,3,4,width
2315,61,14,3,1,1,success,1,5,wield
2315,86,7,3,2,1,success,2,5,wight
2315,87,17,5,3,2,success,2,6,willy
2315,221,22,2,1,1,success,2,4,wimpy
2315,107,8,1,1,1,success,1,4,wince
2315,221,7,3,2,1,success,1,6,winch
2315,221,7,2,1,1,success,1,5,windy
2315,19,8,2,1,1,success,2,4,wiser
2315,42,3,2,1,1,success,1,5,wispy
2315,86,5,2,1,1,success,2,4,witch
2315,37,7,5,4,2,success,2,6,witty
2315,165,5,3,1,1,success,1,5,woken
2315,136,10,1,1,1,success,1,4,woman
2315,165,5,3,1,1,success,3,4,women
2315,221,7,4,2,1,success,1,6,woody
2315,165,16,8,1,1,success,1,5,wooer
2315,87,17,6,3,2,success,2,6,wooly
2315,221,7,1,1,1,success,1,4,woozy
2315,221,4,1,1,1,success,4,3,wordy
2315,87,1,1,1,1,success,1,3,world
2315,221,4,1,1,1,success,1,4,worry
2315,27,8,4,1,1,success,4,4,worse
2315,24,4,1,1,1,success,4,3,worst
2315,37,7,2,1,1,success,2,4,worth
2315,87,1,1,1,1,success,1,3,would
2315,221,9,5,4,3,failure,2,6,wound
2315,165,5,1,1,1,success,1,4,woven
2315,48,1,1,1,1,success,1,3,wrack
2315,1,1,1,1,1,success,1,2,wrath
2315,61,18,2,1,1,success,1,5,wreak
2315,165,10,1,1,1,success,1,4,wreck
2315,15,1,1,1,1,success,1,3,wrest
2315,221,7,2,1,1,success,1,5,wring
2315,24,2,1,1,1,success,2,3,wrist
2315,12,1,1,1,1,success,12,2,write
2315,221,3,2,1,1,success,1,5,wrong
2315,12,1,1,1,1,success,1,3,wrote
2315,221,7,1,1,1,success,1,4,wrung
2315,87,2,1,1,1,success,1,4,wryly
2315,51,4,1,1,1,success,1,4,yacht
2315,12,1,1,1,1,success,1,3,yearn
2315,3,2,1,1,1,success,1,4,yeast
2315,61,14,1,1,1,success,1,4,yield
2315,221,1,1,1,1,success,1,3,young
2315,37,1,1,1,1,success,1,3,youth
2315,61,18,1,1,1,success,1,4,zebra
2315,3,1,1,1,1,success,3,2,zesty
2315,58,18,2,1,1,success,1,5,zonal
